date,opponent,result
2025-09-10,MohammedTorab,1
2025-09-09,Bakter11,1
2025-09-09,andrewqss,0
2025-09-08,Razruschitel08,0
2025-09-08,Kamkabi,1
2025-09-08,letyu_fly,0
2025-09-06,Khschulte,1
2025-09-05,deerdragon,0
2025-09-05,abhiraj_d,1
2025-09-04,pawanpunetha,1
2025-09-04,ivanklugge,1
2025-09-04,moshin4786,1
2025-09-03,DEANSOFFICIAL,1
2025-09-02,Alishta,0
2025-09-01,Oliver_24109,0.5
2025-09-01,rohallah62,0
2025-09-01,jean_gas,0
2025-09-01,Vyacheslav26,1
2025-09-01,Littlechessgirl2018,0
2025-08-28,nasser111111,1
2025-08-28,Mamayka1993,0
2025-08-26,zweeeuro,1
2025-08-19,muneko,1
2025-08-19,Viktor195511,0
2025-08-18,olik13,0
2025-08-16,Djaylad,1
2025-08-12,TXUSETTE,1
2025-08-12,beli_look,0
2025-08-12,hagmo,0
2025-08-12,BEZYJMBLA,1
2025-08-10,Ahmed_Hosny82,1
2025-08-10,Ivan1970,1
2025-08-09,hussenlippa,1
2025-08-08,nurdreiminuten,1
2025-08-05,dannyking31,1
2025-08-05,rationalkashif,0
2025-08-05,Saman1983,0
2025-08-04,Vladimir045,1
2025-08-04,Yudek,0
2025-08-04,Artrix002,0
2025-08-03,ahmed145647588454664,0
2025-08-03,The-real-Boyka,0
2025-08-03,helenkruglova,0
2025-08-03,Rolf_Bayer,1
2025-08-02,Maxacademic,1
2025-08-01,dagallo,0
2025-07-31,olliderorangutan,1
2025-07-30,popol5454,0
2025-07-30,Eirik86,1
2025-07-29,Kkenaadam,0
2025-07-28,sqclix,1
2025-07-28,Maadinho7,0
2025-07-28,kolekoko,0
2025-07-27,Bentoumi,1
2025-07-27,ChinaPX9,1
2025-07-26,Manjinela,1
2025-07-26,xSalar,0
2025-07-26,kunayanakletos,0
2025-07-26,SamOoche,0
2025-07-25,paimas,1
2025-07-25,SpiritualPunk,1
2025-07-24,rubytuesday,1
2025-07-24,AliSLH_NJD,0
2025-07-24,Coulax,0
2025-07-24,Schindler_Jack,0
2025-07-24,actual_knight_gaming,0
2025-07-24,bmarce,0
2025-07-24,F_u_b_a_r,0
2025-07-23,vaeh88,1
2025-07-23,MikeKlg,1
2025-07-23,Dmitrj19,0
2025-07-23,RJRJRJRJRJRJRJ,0
2025-07-23,Al-dr61,1
2025-07-22,muhammedsinca123,1
2025-07-21,B_1453,0
2025-07-21,andremoniy,0.5
2025-07-21,Lau666,0
2025-07-20,Haqdad,1
2025-07-19,tentakl666,1
2025-07-19,captain-hr,0.5
2025-07-18,Captainliony,1
2025-07-18,lena_yarian,1
2025-07-18,robertmonk,1
2025-07-17,kopke0403,1
2025-07-17,sergyy,1
2025-07-17,sergyy,0
2025-07-17,ahmedomardraz,1
2025-07-17,uhnju,1
2025-07-17,Andreas_R,0
2025-07-17,Kulturbanause,0
2025-07-17,Kitpack,1
2025-07-16,Tronious,1
2025-07-16,midress85,0
2025-07-15,MarceloJaques,0.5
2025-07-15,Timubu,1
2025-07-15,FKjem,1
2025-07-15,juan99ajedrez,1
2025-07-15,Santuten,1
2025-07-14,ClementTheCat,1
2025-07-14,dany0567,1
2025-07-14,venkison,1
2025-07-14,Konstantin_cherkas,1
2025-07-14,Standesu,0
2025-07-12,Geva99,1
2025-07-11,Ercan_ozturk,0
2025-07-11,Alirezahovize,0
2025-07-10,HuguesDr56,1
2025-07-10,snageswararao1969,1
2025-07-10,osamash8,1
2025-07-10,Aj-Ak47,0
2025-07-09,Sigulm,1
2025-07-09,Youcefbkd,0.5
2025-07-09,fuad1972,0
2025-07-09,tbazzi,0.5
2025-07-09,chanhiuying,0
2025-07-09,mehrikhb,0
2025-07-07,BM1964,1
2025-07-07,zerotelent,0
2025-07-07,JaumeA,1
2025-07-06,dhirar39,1
2025-07-06,Basri53,0
2025-07-06,back153,0
2025-07-06,geckone,1
2025-07-06,qruzo,1
2025-07-03,hitujunnar,1
2025-07-02,GFDCHSS,1
2025-07-02,Moneer0,0
2025-07-02,Glauceste,1
2025-07-02,ASIMHOCA,0
2025-07-02,Andalose,1
2025-06-30,Hannes374,1
2025-06-29,abarai1,1
2025-06-29,Viktor195511,0
2025-06-29,Gideom,0
2025-06-29,Ebegarko,1
2025-06-29,REGN4R,0.5
2025-06-29,chess_challenger,0
2025-06-28,LluisMM,0
2025-06-28,bostonluvstrump,0
2025-06-28,norazmir,0.5
2025-06-28,georgii_reva,0
2025-06-28,Stott,0
2025-06-28,m94m94,0
2025-06-28,jpl25658,0
2025-06-26,alejandro_mo,1
2025-06-24,Emara762,0
2025-06-24,likgp,0
2025-06-24,ian_semeru,0
2025-06-24,mesen60,0
2025-06-24,hrishikeshc,0
2025-06-24,litchoad,0
2025-06-24,dnew1976,0
2025-06-23,whiskyrum,1
2025-06-22,mariuszka75,0
2025-06-22,emricw,1
2025-06-22,Braydenb04,1
2025-06-20,dilipkumarpd,1
2025-06-20,Oleg155,0
2025-06-20,JYusup,1
2025-06-20,Nazar_Po,0
2025-06-20,LuisMSB,0
2025-06-20,Tarik3,0
2025-06-20,AlexanderLebedev87,0
2025-06-20,eisbecher85,0
2025-06-19,TReexChess,1
2025-06-19,Dellari98,0
2025-06-19,Lazerahawk,0
2025-06-19,bibbidibobbidib00,0
2025-06-19,Alessandrolobos,0
2025-06-17,Salaa777,1
2025-06-16,Kurdo20,1
2025-06-16,Ezigenhej,0
2025-06-13,MadnessCarlsberg,1
2025-06-12,OMARRACHID573,1
2025-06-12,youmaria,1
2025-06-12,Emzen,1
2025-06-11,elchin1986,1
2025-06-11,Frantwo,0
2025-06-11,MathieuvanAs,0
2025-06-10,crapulilla,0
2025-06-10,pieroso,0
2025-06-10,matyolu,1
2025-06-10,thomas64500,1
2025-06-10,Dboy2020,0
2025-06-10,Alizamani682,0
2025-06-10,JackSkyHero,0
2025-06-10,ChessRV999,0
2025-06-10,thevarathoma,0
2025-06-06,arunnerforever,0.5
2025-06-06,raco57300,1
2025-06-06,wowor,0
2025-06-06,Turgut_Eren_Aksu,1
2025-06-05,w123whykolaveri,1
2025-06-05,MANPU,0
2025-06-05,Haso89,1
2025-06-05,Halejomagno1980,0.5
2025-06-05,VasileCa,0
2025-06-04,smart2778,1
2025-06-03,marijotablet,1
2025-06-03,magnuslostchild,0
2025-06-02,AlphaKnecht,1
2025-06-02,harshsam1003,0
2025-06-02,AlbertoR27,0
2025-06-01,munesh0409,1
2025-06-01,charly_ichiban,0
2025-06-01,smile_baby,0
2025-06-01,martinvela,0
2025-06-01,unsal4246,1
2025-05-30,youssef0014,0
2025-05-30,Chazz2000,0
2025-05-30,guma_no3,1
2025-05-30,sugianto1234,1
2025-05-30,Jucaech,0
2025-05-29,yaserfergan,1
2025-05-29,yaserfergan,0
2025-05-29,cltnechess,0
2025-05-29,Clam3nce,0
2025-05-29,Sergey4404,1
2025-05-28,JONSON111,0
2025-05-28,Kash397,1
2025-05-26,brownbreath,0
2025-05-26,maxcreation,1
2025-05-26,maxcreation,1
2025-05-26,Bayes777,1
2025-05-22,stevexyz,1
2025-05-21,LuigiMC,1
2025-05-21,sneekynyc,1
2025-05-21,Artrix002,0
2025-05-21,auricelioalveschess,1
2025-05-21,GaronnaChess,0
2025-05-21,Sadrollah_Aram,1
2025-05-19,jolugrimo,1
2025-05-16,HengkyRahmanda,1
2025-05-14,Camba2002,1
2025-05-14,Juancbr651107,0
2025-05-14,Poptats,1
2025-05-14,vladimiravanesov,1
2025-05-14,wish_nett,1
2025-05-13,Romanovich2019,1
2025-05-13,MefI_one,0
2025-05-13,ayerh,1
2025-05-10,gyorihitman,1
2025-05-10,DileepRKakarla,0
2025-05-08,kuozhijia,1
2025-05-08,Cleidivan,0
2025-05-05,adel19731973,1
2025-05-03,aravisha,1
2025-05-03,prayhard,1
2025-05-03,ehsannmaster,0
2025-05-03,remchess04,0
2025-05-03,Mohasin1987,1
2025-05-03,soorajp,1
2025-05-01,Tereza9393,0
2025-04-30,M_sergey_1975,0
2025-04-30,Zhores09,0.5
2025-04-30,erkanyigiter,0
2025-04-30,Dewa_Sai,0
2025-04-28,flow110,1
2025-04-28,BJK1903Q7,0
2025-04-28,Stelios_mpegle,0
2025-04-26,mirko-merletti,1
2025-04-26,mirko-merletti,0
2025-04-26,jamiroj,0
2025-04-26,Metallix,1
2025-04-25,nature_prophet,1
2025-04-25,hari2023,1
2025-04-24,plyzh,0
2025-04-24,Lacolix,0
2025-04-24,M_sergey_1975,1
2025-04-24,Jollyjojo,0
2025-04-24,Volodymyrovych,0
2025-04-24,GamonMaster,1
2025-04-24,GamonMaster,0
2025-04-16,Andrey1984fefilov,1
2025-04-16,Acropora,0
2025-04-15,garviv,1
2025-04-15,BERVANGER,0
2025-04-14,sotoli,1
2025-04-14,weaksquare199,0
2025-04-14,i-Babai,0
2025-04-14,Bollentitsche,0
2025-04-14,slavabrod,0.5
2025-04-14,sunkyyaki,1
2025-04-14,Shiva_Shankar,0.5
2025-04-13,geniarus,1
2025-04-13,DaNickS,1
2025-04-13,anatoligordeeff,0
2025-04-13,walkish,0
2025-04-13,sepehrniam,1
2025-04-11,tlgts,1
2025-04-11,tuanbui123456,1
2025-04-11,ZoeZorgWao,0
2025-04-10,Filip01851,1
2025-04-10,JD-Wolfpack,0
2025-04-10,salamandra-1983,0
2025-04-10,Sarmatbek,0.5
2025-04-10,Gabriska8,0
2025-04-10,ArunSampath,0
2025-04-09,Netzmafia,0
2025-04-09,Metallix,1
2025-04-08,makenz1e,1
2025-04-08,jacc0,0
2025-04-07,KaungKhantNaing,1
2025-04-07,jargos,1
2025-04-07,IftikarA,1
2025-04-07,matros22,0.5
2025-04-07,TanTscars,0
2025-04-05,sayyed3123,1
2025-04-05,Class_Sinners,0
2025-04-05,venel60,0
2025-04-05,kanat539,0
2025-04-04,Onyedika1801,1
2025-04-04,fofantjulpan,1
2025-04-04,Cyara-Asani,1
2025-04-03,tomatilloverde,0
2025-04-02,CTT-FiscHer,1
2025-04-02,Japterr,1
2025-04-02,Daggmate,0
2025-04-02,hyergun,1
2025-04-02,Tree2002,0
2025-04-02,shahpc,0
2025-04-02,iKamo54,0
2025-04-02,Ghoulbreeze,0
2025-04-01,harish_drago,1
2025-03-30,bigFatSmoker,0
2025-03-30,alprns28,0
2025-03-30,alprns28,0
2025-03-30,Mixxail,0
2025-03-30,jamust1,0
2025-03-30,Trivel,1
2025-03-30,paparucho38,0
2025-03-30,kassimold,0
2025-03-28,asskar,1
2025-03-28,kangelafire,0
2025-03-28,sant1234,0
2025-03-28,USAmedic10,1
2025-03-27,ArtBrain,0
2025-03-27,gautam2911,1
2025-03-26,extermom,1
2025-03-25,AsterixE,1
2025-03-24,Jesus0541541,0
2025-03-24,ja9xn97a,0
2025-03-24,casalarga97,0
2025-03-23,BJLuis,0
2025-03-23,farnaamsamadi,0
2025-03-23,Alireza_Iran_2028,1
2025-03-22,Tortik55,0
2025-03-22,krivbass1973,0
2025-03-22,Sevik83,0
2025-03-22,max_deutch,0
2025-03-18,lankonuj,1
2025-03-18,lankonuj,0
2025-03-17,soltt,1
2025-03-17,dmitryzayets,0
2025-03-16,Araby64,1
2025-03-16,Zoolander1980,0
2025-03-16,Calioxtro,0
2025-03-16,Mihail1216,0
2025-03-16,helmut1954,1
2025-03-14,Musa22222,1
2025-03-13,AlbigyM,1
2025-03-13,Auxin03,0
2025-03-13,AbdelhalimMahmoud,0
2025-03-13,mic321,1
2025-03-13,Lordcanaya,0
2025-03-13,siliame,0
2025-03-13,snp08,0
2025-03-13,Harkowskiy,1
2025-03-13,Semainsh,1
2025-03-11,weindahler,0
2025-03-10,chelci4030,0
2025-03-08,StaircaseWarrior,1
2025-03-08,SouYe,1
2025-03-08,ycl14,0
2025-03-07,chilibwe07,0.5
2025-03-06,nat101tec,1
2025-03-06,McJIM725,0
2025-03-04,Erbol_1980,0.5
2025-03-02,BiGPantherTM,1
2025-03-01,ostili,1
2025-03-01,libormarek,0
2025-03-01,Vallunar,0
2025-02-28,dmitrysavin,1
2025-02-27,IgorZub65,0.5
2025-02-27,szeka12,1
2025-02-20,Niels1972,0
2025-02-19,ABRAHAM31387,1
2025-02-18,murthyvr,1
2025-02-18,Rohan_pradhan,0
2025-02-18,iLyynx,0
2025-02-17,MIIIG,1
2025-02-17,milzex,1
2025-02-17,Salieri2039,0
2025-02-17,labach,0
2025-02-17,IlyaHunter1313,0
2025-02-17,Pacco1,0
2025-02-16,Ford2805,1
2025-02-16,Jamesredd,1
2025-02-11,esfahanii,1
2025-02-11,adeeb68,0
2025-02-11,lenny93,0
2025-02-11,Dr_Bilal,1
2025-02-11,freezingmeal,1
2025-02-10,Abukof,1
2025-02-08,rserranog,1
2025-02-08,Zulu1534,1
2025-02-05,SpadarRaman,1
2025-02-05,Titinahia,0
2025-01-29,Manuelavereda,1
2025-01-29,Mohamadali_banaie,1
2025-01-23,olivia89,1
2025-01-23,JDM85,0
2025-01-22,Pianist91,1
2025-01-21,ShuraProtsun,0
2025-01-20,Tenacity101,0
2025-01-20,Petr202003,1
2025-01-16,LordChess2024,1
2025-01-16,legionerms,1
2025-01-16,btrprac,1
2025-01-16,lose4fame,0
2025-01-15,Ulritsch,1
2025-01-15,prbrmn,0
2025-01-15,andrearomano,0
2025-01-15,Harsha_kumboju,0
2025-01-14,Vikteur,0.5
2025-01-11,Hasansharifipersian,0
2025-01-11,Amo_Karim,0
2025-01-11,odino83,1
2025-01-09,Solinvicto,1
2025-01-09,DedRabit,0
2025-01-07,AntonioRicci-1960,1
2025-01-02,Tom-Pit,0.5
2025-01-02,Seele60,1
2025-01-02,Fazlursharieef,0
2024-12-28,Gersee,1
2024-12-28,Weteran77,0
2024-12-28,M_Amiri,1
2024-12-28,Tfifer,1
2024-12-28,pjoker,0
2024-12-26,Playfairchess,1
2024-12-26,mkd1348,0.5
2024-12-26,chushkopecite,0
2024-12-26,hector_92,0
2024-12-26,Dessauxfred,0
2024-12-26,Dessauxfred,0
2024-12-26,reza012,1
2024-12-26,leo_0785,0
2024-12-17,NikkiPuncher,1
2024-12-16,IdefixTheWelsh,1
2024-12-16,euroauto,0
2024-12-16,fade_0,0
2024-12-13,ViJ05,1
2024-12-13,Kniqht,1
2024-12-10,ItaloEngers,1
2024-12-06,Alexios18,1
2024-12-06,chetan_2103,0
2024-12-06,Sachchasky,1
2024-12-04,sureshvisshnu,1
2024-12-03,cbfh,1
2024-12-03,chessme40,1
2024-12-03,Berkley96,1
2024-12-03,yasin_ghotlouzade,0
2024-11-30,pyltsa,0
2024-11-30,zahiralcaraz,0
2024-11-30,Sokur2020,0
2024-11-30,revolutionary_pingu,0
2024-11-28,llllllll_ll_lll,1
2024-11-26,Prostran_Milan,0
2024-11-26,lfs000,0
2024-11-26,mamadsang,0
2024-11-26,Wincatedr,0
2024-11-25,sundar12,1
2024-11-23,MagnusDrugProvider,1
2024-11-23,sagsanal,0
2024-11-21,munqenq,1
2024-11-21,reezza,1
2024-11-21,ilkerbuyuk1453,0
2024-11-21,ardi789,0
2024-11-21,ardi789,0
2024-11-20,saransk1968,1
2024-11-20,dicksonmaketa,0
2024-11-20,AlexandrTolstoguzov,0
2024-11-19,PossomKing,1
2024-11-19,Silverbacktitan,0
2024-11-19,SinDat,0
2024-11-18,babyburrito918,1
2024-11-17,MarianoErnesto1286,1
2024-11-17,MarianoErnesto1286,1
2024-11-17,MarianoErnesto1286,0
2024-11-14,MedikFedya,1
2024-11-14,sakartvello777,1
2024-11-14,VRPRRR,1
2024-11-14,TopikMM,0
2024-11-14,TopikMM,0
2024-11-14,TopikMM,0
2024-11-14,alpingo45,0
2024-11-14,yamakasi0,1
2024-11-14,Denis_Soloviev,0
2024-11-14,giweng,1
2024-11-14,MES1981,0
2024-11-13,damaplayer,0
2024-11-13,alnakeb_usama,1
2024-11-13,FBG,1
2024-11-13,Borisir4,0
2024-11-13,yamakasi0,1
2024-11-08,Suhrob911,0
2024-11-07,Chatelet1542,1
2024-11-07,ssekoss,0
2024-11-07,Marinel6,0
2024-11-05,Bendie26,1
2024-11-05,locustfurnace,0
2024-11-05,mihaylovvo,0
2024-11-05,andiurichi,1
2024-11-01,Domrachev-YM,1
2024-11-01,Irbis3000,0
2024-11-01,Irbis3000,0
2024-11-01,Amatir223,0
2024-11-01,DraconicDoom,1
2024-10-31,DK_MAKWANA,1
2024-10-31,illyuha12,0
2024-10-31,mehmeto,1
2024-10-31,douglasjudy,1
2024-10-31,sm75ali,1
2024-10-31,kralj1,1
2024-10-31,jalehyavari,0
2024-10-31,plzbegentle,0
2024-10-31,neilikkainen,1
2024-10-30,canoderm,1
2024-10-30,Gos_1992,1
2024-10-30,ayax75,0
2024-10-30,pakYo_1,0
2024-10-30,garboardlaw,0
2024-10-30,Skp1204,1
2024-10-30,Skp1204,0
2024-10-30,kirolos3000,1
2024-10-30,litri,1
2024-10-30,TheOrion47,0
2024-10-30,Anarchjoker,0
2024-10-30,valdemarfirst,0
2024-10-30,abdesalam,0
2024-10-29,mabaza,0
2024-10-29,HEVSEL,1
2024-10-29,Dmitry809,1
2024-10-29,drunklifeguard,0
2024-10-29,Mas_JA90,0
2024-10-29,Mas_JA90,0
2024-10-29,Manek77,0
2024-10-29,daddyo2,0
2024-10-28,Goztepeli3591,1
2024-10-28,titech,0
2024-10-28,Gabinomunioz,1
2024-10-28,frankemi77,0
2024-10-28,albertgenero,0
2024-10-28,Zepulece,0
2024-10-28,Ostia1948,0
2024-10-28,shabrawyxz,1
2024-10-28,Talal022,1
2024-10-28,TheRealStebeats,0
2024-10-28,romaforma,0
2024-10-27,Lelyan,1
2024-10-27,Leafar1,1
2024-10-27,orhan2534,0
2024-10-27,KYIVUA,0
2024-10-27,AbdelhalimMahmoud,0
2024-10-27,Batbold10,0.5
2024-10-27,himanshu_raj,0
2024-10-25,mdsamim,1
2024-10-25,xadrezfogo,0
2024-10-25,Olaketal98,0
2024-10-22,ALEJO1HERNANDEZ,1
2024-10-22,RRRaskolnicov,0
2024-10-22,angelvolador,0
2024-10-22,arturbaloev,0
2024-10-22,JM_killer,0
2024-10-22,zeittotschlaeger,0
2024-10-22,mochianaliz,0
2024-10-22,liftovik,0
2024-10-21,ma-1970,1
2024-10-19,cosmicenergy,1
2024-10-19,WagonBB,1
2024-10-18,shakyquen,1
2024-10-18,ZaitsevVlad,1
2024-10-18,SemiSlavOne,1
2024-10-18,pitjiss,1
2024-10-18,Anarchjoker,1
2024-10-17,Siddian,0
2024-10-17,Siddian,0
2024-10-17,RafaMark81,1
2024-10-16,EnPassantCheckmates,1
2024-10-16,EnPassantCheckmates,0
2024-10-16,miass,1
2024-10-16,miass,0
2024-10-16,Balaji004,1
2024-10-16,dedesetiawan,0
2024-10-16,Brasetvik,1
2024-10-15,peoncaminante1,0
2024-10-15,peoncaminante1,0
2024-10-15,oioi-oioioi,0
2024-10-15,Rousquille,0
2024-10-14,katrynny,1
2024-10-14,SohaibJavaid864,1
2024-10-14,Guiense,0
2024-10-13,safamundo,0.5
2024-10-13,kostoberina,1
2024-10-13,Boity2,0
2024-10-13,Ignaciojhiriart,0
2024-10-13,BeshenayaPehska,1
2024-10-13,thabisile,1
2024-10-13,ahmed2759,1
2024-10-13,Jimmyvasquez,1
2024-10-13,jardel561,1
2024-10-12,Benzo25,1
2024-10-12,Benzo25,0
2024-10-12,mcguimaraes,0
2024-10-12,SimoPipatti,1
2024-10-12,SimoPipatti,0
2024-10-12,JBPFC,1
2024-10-12,JBPFC,0
2024-10-12,Constant19,1
2024-10-11,OetOet,1
2024-10-11,Armen_Grigorian,0
2024-10-11,Vladimir_Em,1
2024-10-11,Rioravi,1
2024-10-11,Devakoosalai,0
2024-10-10,Lalo1502,1
2024-10-10,jandorex,0
2024-10-09,spiilia,1
2024-10-09,deyvisrxd,0.5
2024-10-09,Urmatfiz,1
2024-10-08,grdos,1
2024-10-08,Baldu2012,1
2024-10-08,Baldu2012,0
2024-10-08,pachmu,1
2024-10-08,Kross007,1
2024-10-08,Kross007,0
2024-10-08,Golo1108,0
2024-10-08,Mahajily,0.5
2024-10-08,exung,0.5
2024-10-08,DEMON_KING_TANJIRO,1
2024-10-07,Andrespit,0
2024-10-07,Riya3,1
2024-10-07,paaaj,0
2024-10-07,Roukous,0
2024-10-07,Stella911,1
2024-10-07,Arsam-karimy,0
2024-10-07,ilJacko,0
2024-10-07,Elefee,1
2024-10-07,Privet_Moya_Dorogaya,1
2024-10-07,Maaansi,0.5
2024-10-07,raboun,1
2024-10-07,JulienGros,0
2024-10-05,daddyo2,1
2024-10-05,Miraculix74,1
2024-10-05,aristarx22,0
2024-10-03,ykkisku,1
2024-10-03,mhad_regoya,0
2024-10-03,nyiur,0
2024-10-02,kanoucan,1
2024-10-02,Abede7,0
2024-10-02,FilemonPi,0
2024-09-30,gabiferbar,1
2024-09-30,troglodytamdominus,0.5
2024-09-30,kysak225,1
2024-09-30,mateeeyko,1
2024-09-30,Jayant8349,0
2024-09-30,NuuriC,1
2024-09-30,Greenpeace383,0
2024-09-27,a1h864,1
2024-09-27,Bipin_304,1
2024-09-27,Vlad_2323,1
2024-09-27,kujjo,0
2024-09-25,Delcious3,1
2024-09-24,Manuel_Colqui,0
2024-09-24,Mat-a-mat,0
2024-09-24,Lentin,1
2024-09-24,CLetusRT20,1
2024-09-24,GIGIT123,0
2024-09-24,rehberiniz,1
2024-09-24,Galym55555,1
2024-09-24,RickyH17,0
2024-09-24,TATARIN_KZ,0.5
2024-09-20,Matinvpr,1
2024-09-20,Hmedy1,1
2024-09-19,Dzudzubejac,1
2024-09-19,abhinavmanwatkar01,1
2024-09-18,innersight,0.5
2024-09-18,nickeynamp,0
2024-09-17,iq69egor,1
2024-09-17,tigre2020,1
2024-09-17,Reddhios,0
2024-09-16,mrdavidm20,1
2024-09-16,Dharsan221,1
2024-09-16,TURNER0515,0
2024-09-16,DeXTeR161,1
2024-09-16,na1b1,1
2024-09-16,penetrat0r,0
2024-09-16,karawanken,0
2024-09-14,ChrisMat,1
2024-09-14,Kavinesh1,0
2024-09-14,stoni,0
2024-09-14,Cinu_S,1
2024-09-11,KN8899,0
2024-09-10,cirilo05,1
2024-09-10,fredmhc,1
2024-09-10,pminor,0
2024-09-10,aymenmaa,0.5
2024-09-08,RMbasha,0.5
2024-09-08,Agustin_Palomino,1
2024-09-08,Sahaj_Bhat,0
2024-09-08,Apostcarlus,0.5
2024-09-08,beachboy666,1
2024-09-08,Baki198,0
2024-09-08,erucm,0
2024-09-07,bore77,1
2024-09-07,GarfieldEatsCEO,0
2024-09-07,JakeyBoo,0
2024-09-07,j0k3r_54d1k0,1
2024-09-07,Hossein2023,0.5
2024-09-07,berriman,1
2024-09-07,jalfcanto1,0
2024-09-06,Ashes713,1
2024-09-05,Rh4nD,1
2024-09-05,torokvero,0
2024-09-05,muvvakrishna,0
2024-09-05,bbgdu,0
2024-09-05,amorfat1,1
2024-09-02,alexander_butorin,1
2024-09-02,faceya,1
2024-09-02,begas123,0
2024-09-02,pako111,0
2024-08-31,Tadldeus,1
2024-08-30,Alir3zaa,0
2024-08-30,G01D3NF41C0N,1
2024-08-30,Tonyj94,0
2024-08-30,Simgri68,0
2024-08-28,alpacaswamp,1
2024-08-28,Daveddies,0
2024-08-22,Lutzy,1
2024-08-22,pavo12,1
2024-08-22,lucaraimondi,0
2024-08-20,thedoctor4352,1
2024-08-20,Kirchheim,0.5
2024-08-20,SolidPrawn,1
2024-08-20,kansuozkan,0
2024-08-20,Audio2022,0
2024-08-20,Audio2022,0
2024-08-20,maestromjd,1
2024-08-20,maestromjd,0
2024-08-18,marcus81x,1
2024-08-18,Richard_NG,0
2024-08-18,Blunder_Woman1,0
2024-08-14,terexov,1
2024-08-14,georgebankai,0
2024-08-14,georgebankai,0
2024-08-14,Dark2019,1
2024-08-14,MIBAHE,0.5
2024-08-14,RadheyBhyia,0
2024-08-14,SoOnAndSoForth69,0
2024-08-14,Avocadobro,0
2024-08-13,Townhall300,1
2024-08-12,saifuddin_zaim,1
2024-08-12,Fernando_Rodriguez32,0
2024-08-11,arishukur,1
2024-08-11,HK01ADN,0
2024-08-10,Saman1983,0.5
2024-08-10,Tadldeus,0
2024-08-10,puzzleman86,0
2024-08-10,aaalllxxx,0
2024-08-10,bambam0707,0
2024-08-09,djasokko,1
2024-08-09,tj_allemaal,1
2024-08-09,Habte_man,0
2024-08-08,estradifanatic,1
2024-08-08,tommiegambito,1
2024-08-08,gavcakan,1
2024-08-08,krkaz,0.5
2024-08-08,AvalyanGevorg,0
2024-08-08,arjandekuiper,1
2024-08-08,Loolo,0.5
2024-08-08,taulamet,1
2024-08-07,maninpeace,1
2024-08-07,vaddimann,1
2024-08-07,CristianPasinetti,1
2024-08-07,stefi2000,0
2024-08-06,Topsa69,0
2024-08-06,Modilious,0
2024-08-06,Modilious,0
2024-08-06,Byron75,0
2024-08-06,losst1,0
2024-08-06,Solomon_Wolf,0
2024-08-06,Solomon_Wolf,1
2024-08-06,rustybishop,0
2024-08-06,TimC238,0
2024-08-05,serdg,0
2024-08-05,HelRafka,0
2024-08-05,MarcusAurelia,0
2024-08-05,nik777321,0
2024-08-05,nik777321,0
2024-08-04,hipoKi,1
2024-08-04,joseph508,1
2024-08-04,alirezaasdln,1
2024-08-04,Nebular1,0
2024-08-04,Nebular1,0
2024-08-04,MbaChauke,0
2024-08-04,MbaChauke,0
2024-08-02,Atabekk,1
2024-08-01,Ray_kwon,1
2024-08-01,BigD95,1
2024-07-31,CozaNuda,1
2024-07-30,WhatEverMove123,0
2024-07-29,Kibii,1
2024-07-29,Akmuslum,0
2024-07-27,MaksimKostylev,1
2024-07-27,ayofadu77,0
2024-07-27,Eric2110,0
2024-07-26,talzilber,1
2024-07-26,dhirar39,0
2024-07-26,brianb1104,1
2024-07-26,HusseinNabil12,0
2024-07-26,MRINMAYAULIA,1
2024-07-26,iurih,1
2024-07-26,Unusually_Fat,0
2024-07-25,Ethelbert876,1
2024-07-25,ogreninja,0
2024-07-25,PekkaKouhia,0.5
2024-07-24,miguelrayredondo,1
2024-07-24,Frugulho,0
2024-07-24,Foox69,0
2024-07-24,sayrubadubdub,0
2024-07-24,Talhasay,1
2024-07-23,BjoernS1,0.5
2024-07-23,Dulat_1234567,1
2024-07-23,Nikhiltank,1
2024-07-23,azoo66z,0
2024-07-23,TarunJ7289,0
2024-07-22,iskra17,1
2024-07-22,vaddimann,1
2024-07-22,tuomop,0
2024-07-22,chess_rebell66,0
2024-07-22,AgekyanDavid,0
2024-07-22,govindkumar,0.5
2024-07-22,GFghggvjhrkughnj4n,0
2024-07-22,Nico_60,1
2024-07-21,omar2023012333,0.5
2024-07-21,maartincj,1
2024-07-21,ibrahimXX9,1
2024-07-20,Rabbittest,1
2024-07-19,R3DOUT,1
2024-07-19,binuamboori,0
2024-07-19,Gutoh-7,1
2024-07-19,rkhichi,0
2024-07-19,Endrowgempol,0
2024-07-19,moiopen,0
2024-07-19,MUHTEYIT,0
2024-07-19,wbcurry,1
2024-07-18,andrei_klychev,1
2024-07-18,beer_balli,1
2024-07-18,olzhik_sa,1
2024-07-18,MijoZ,0
2024-07-18,Mohamad-one,1
2024-07-18,naseia,0
2024-07-18,Navets,0
2024-07-18,marcoandres1983,0
2024-07-18,Teattwo,1
2024-07-18,Imthewatermelon,0
2024-07-17,Bata1976,0
2024-07-17,Agah4066,0
2024-07-17,kor_romko,1
2024-07-17,cyprino,1
2024-07-17,omurali,0
2024-07-17,rsanu,1
2024-07-17,mzxr,0.5
2024-07-17,PlitoXD,1
2024-07-17,pannalal04,1
2024-07-17,IV13,0
2024-07-16,alreadyregistered1,1
2024-07-16,h4nfred,1
2024-07-15,Azamat123123,1
2024-07-15,noDime,1
2024-07-15,grzr,1
2024-07-15,Edmartins80,0
2024-07-15,dbasil26,0
2024-07-15,Newtt,0
2024-07-15,mainegk,1
2024-07-15,alikrdnz-aa,0
2024-07-15,AMadden,1
2024-07-14,jembawut,1
2024-07-14,AissaMAKRANE,1
2024-07-13,Mohamede4e55,1
2024-07-13,DonnieBlue,1
2024-07-13,Rickyraph,0
2024-07-13,Rickyraph,0
2024-07-13,tduriez,0
2024-07-12,Sfranca,1
2024-07-12,brannf_A,1
2024-07-12,AlexandrAntipin,1
2024-07-12,Mahmoudgalall,0
2024-07-12,ee1981,0
2024-07-12,oussamazeroual,1
2024-07-12,buttnuggetss,1
2024-07-11,franky30phiri,1
2024-07-11,RefinerA,1
2024-07-11,niadan,0
2024-07-11,stefi2000,0
2024-07-11,studentjop,1
2024-07-11,Langkir,1
2024-07-11,Dmitry178,0
2024-07-11,julian9922,0
2024-07-10,Dazaii_Osamu,1
2024-07-10,bushido4262,0
2024-07-09,Pepecomcart,0.5
2024-07-09,yira,0
2024-07-09,Amir123metti,0
2024-07-09,Salman0599,0
2024-07-09,DIRK9990,0
2024-07-09,ZiyaEkim,0
2024-07-09,weiss57,0
2024-07-09,RaphaelMontag451,0
2024-07-09,sinoptik2,0
2024-07-09,Lutfieren62,1
2024-07-08,caarpediem,1
2024-07-08,caarpediem,0
2024-07-08,kaspa181,1
2024-07-08,kottf,1
2024-07-08,ketsinha,1
2024-07-08,ketsinha,0
2024-07-07,Vrpatil73,1
2024-07-04,Suknev,0.5
2024-07-04,Diomar22,0
2024-07-04,marius_siuram,1
2024-07-04,Gaddafiii,0
2024-07-03,shantytown,1
2024-07-02,abs0706,1
2024-07-02,A9290,0
2024-07-01,Mukh_Herik00,1
2024-07-01,kishore1805,0
2024-06-30,topperjeff,0
2024-06-30,Sergvik,0
2024-06-29,Dr_Romero,0.5
2024-06-29,Dr_Romero,0
2024-06-29,Klipa,1
2024-06-27,Laurent_Laurent,1
2024-06-27,Carlitoseltemerario,1
2024-06-27,Townhall300,0
2024-06-27,Christhiam,0
2024-06-27,Marathon2022,0
2024-06-27,Juzik,1
2024-06-27,jenab838,1
2024-06-27,subasankarv,0
2024-06-27,Yestore,1
2024-06-27,Skalaire,1
2024-06-27,hamiDnj56,1
2024-06-27,hamiDnj56,1
2024-06-27,lewisdk905,0
2024-06-26,BUR40,1
2024-06-26,parasharom,0
2024-06-25,Lotfii,1
2024-06-25,Ceekay-Suke,0
2024-06-25,roberto156,0
2024-06-25,Squaref7,1
2024-06-24,ofkoca,1
2024-06-24,veljko55,0
2024-06-24,PugDivision,0
2024-06-24,VeryVegetables,0
2024-06-24,Zompia,0
2024-06-23,visselrunner,1
2024-06-23,sanzmora,0
2024-06-23,nbnb10,0
2024-06-23,nbnb10,0
2024-06-23,nbnb10,0
2024-06-23,Giordanov,0
2024-06-22,shezy,1
2024-06-22,AT_Supremacy,1
2024-06-22,viskastu,1
2024-06-22,galal_99,1
2024-06-22,Fireball42,1
2024-06-22,Ghafar_Daulaty,0
2024-06-22,fanat1k1987,1
2024-06-22,santoremedio,0
2024-06-22,jirniy,1
2024-06-22,Lion1818,0.5
2024-06-22,BABACIN08,1
2024-06-22,Rieffel,0
2024-06-22,QillerQwalski,0.5
2024-06-22,JeanUp,0
2024-06-22,SV2101,1
2024-06-22,Khiall_ccn,1
2024-06-22,simmosa,0
2024-06-22,NitishK1207,0
2024-06-22,NitishK1207,0
2024-06-21,atoris43,0.5
2024-06-21,YannisXX,0
2024-06-21,psolimyn,1
2024-06-21,Ribeca,0
2024-06-21,Habana64,0
2024-06-21,Ivz629,0
2024-06-21,weedmantas,1
2024-06-21,panvas,0
2024-06-20,shahan1399,0
2024-06-20,CRFLAMENGO,0
2024-06-20,alexander_1314,0
2024-06-20,spotlight99,0
2024-06-20,o-mann,0
2024-06-20,salomaosoares13,0.5
2024-06-20,tULIOtB,0
2024-06-20,arniavp,1
2024-06-20,hafeztabrizpharmacy,1
2024-06-20,Guilezeni,0
2024-06-19,Zindangwa,1
2024-06-19,Zindangwa,0
2024-06-19,Zindangwa,0
2024-06-19,Zindangwa,0
2024-06-19,pachi1999,1
2024-06-19,TexasAg,1
2024-06-19,vschach,0
2024-06-19,anubisdarko,1
2024-06-19,anubisdarko,0
2024-06-19,jaikishan1017,0
2024-06-18,axasay,0
2024-06-18,ajedrezclub2t,0
2024-06-18,OSOS_2020,1
2024-06-18,Ebethings,1
2024-06-18,OncleArchibald,1
2024-06-18,Kiriill729,1
2024-06-18,amir_hosein1389,1
2024-06-18,Daddy_ZY,0
2024-06-18,lmag1c,1
2024-06-18,Aleksey-001,1
2024-06-18,KamaCarlos,1
2024-06-18,Winnipyro,1
2024-06-17,Guenter1954,0.5
2024-06-17,siddhuravi,1
2024-06-17,Sampasoul,0
2024-06-17,lespoir9,0.5
2024-06-17,lespoir9,0
2024-06-16,nanudelacruz,1
2024-06-16,ninzz,0
2024-06-16,matizccc,1
2024-06-15,AustinMate,1
2024-06-15,EminRasulzade,0
2024-06-15,ka_sabe,1
2024-06-15,gal59,1
2024-06-15,mosi1358,0
2024-06-15,Uday2312,1
2024-06-15,cyryl85,1
2024-06-15,VPG_NTHANHCONG,0.5
2024-06-15,MrJoSePH3310,0
2024-06-15,MrJoSePH3310,0
2024-06-15,DHAIRYASONARA,1
2024-06-14,praneeth431,1
2024-06-14,WINCHESSTERMAN,1
2024-06-13,paulveel,1
2024-06-13,dakbish,0
2024-06-13,Playfairchess,0
2024-06-13,Bogdan03031986,0
2024-06-13,kassimold,1
2024-06-13,Chesss81,1
2024-06-13,arandofreddy,0
2024-06-13,boda55142,0
2024-06-13,batdonkey,0
2024-06-12,Leki3200,0
2024-06-12,Ostera,0
2024-06-12,Mofetoluwa,1
2024-06-12,Beaver_Girl22,0
2024-06-12,MuratDushanbe,1
2024-06-12,Pemulung_CKD,0
2024-06-12,hoseinsepahvandi,0
2024-06-12,FunDemonTail,1
2024-06-11,champipoyXXX,1
2024-06-11,Higgins51,0
2024-06-11,karabee,1
2024-06-11,MaiColTal,1
2024-06-10,treeofseas,1
2024-06-10,chwilliams1,0
2024-06-10,lukas909090,0
2024-06-10,nesterilya,1
2024-06-10,Expired_96_bluff,0
2024-06-10,Evedi,0
2024-06-10,davides77,0
2024-06-10,Avocadobro,1
2024-06-09,salehgermat1974,1
2024-06-09,ibadurosyad,1
2024-06-09,Artiom_Dykin,0
2024-06-09,Xsergio6,1
2024-06-09,Mksharma,1
2024-06-09,EduardSamson,0
2024-06-08,yellows8,1
2024-06-08,X7e8avKL,0
2024-06-08,ashrafmaged,0
2024-06-08,ashrafmaged,0
2024-06-08,mak-h,0
2024-06-08,hamza_inaim5,0
2024-06-08,Fowey,1
2024-06-08,DrChaandolia,0
2024-06-08,Midyatbey,0
2024-06-08,Bhaskar1110,1
2024-06-08,Fowey,1
2024-06-08,Fowey,0
2024-06-08,Stupidfox,0
2024-06-08,Xsergio6,0
2024-06-08,ovanchandra,1
2024-06-08,randomplayer2999,1
2024-06-07,greenwoodmover,1
2024-06-07,ironflexor,0
2024-06-07,triple17,0
2024-06-07,ViggoW,0
2024-06-07,hide_in_castle6,0
2024-06-07,Achen5686,0
2024-06-07,lady218,0
2024-06-07,Yakoozafm,1
2024-06-07,slava19501950,0
2024-06-07,Golden76,1
2024-06-06,yoyilapesadilla,1
2024-06-06,SirChecks,1
2024-06-06,JustAmature,0.5
2024-06-06,Lordcanaya,0
2024-06-06,Juanpiarg,0
2024-06-06,sesturk,0.5
2024-06-06,lavishgod,0
2024-06-06,masoud1034,0.5
2024-06-06,Nik0720,1
2024-06-06,MAKSIM_NIZYAMOV,1
2024-06-06,RKOMMERY,0
2024-06-06,Mustafa-New,0
2024-06-05,Mali1908,1
2024-06-05,ayara2024,1
2024-06-05,pony_mode,1
2024-06-05,swescot,1
2024-06-05,wolverineabualrub,0
2024-06-05,SebastianSamudio721,0
2024-06-05,scaccof,0
2024-06-05,orlanino,0
2024-06-05,Asta2023,1
2024-06-04,kaannkrkc,0
2024-06-04,Zygimantas97,1
2024-06-04,RASTAMANH112,0
2024-06-04,Sampaio4102,1
2024-06-04,Milaskpe,1
2024-06-04,raffaia1,1
2024-06-04,raffaia1,0
2024-06-04,sumanfanofmikhailtal,1
2024-06-04,sea_knot,1
2024-06-04,Gauravrana28,0
2024-06-04,delaziz,0.5
2024-06-04,delaziz,0
2024-06-03,clgabriel,1
2024-06-03,mrlaurentiu,1
2024-06-03,airFlou,0
2024-06-03,Muwonge,0.5
2024-06-03,Oslo68,0.5
2024-06-03,Ramisbaker,0.5
2024-06-03,admetoss,0
2024-06-03,diuafgiua,1
2024-06-03,buetzeschach,0
2024-06-03,NikolasKage,1
2024-06-03,vr1988,0.5
2024-06-03,Jekyll34200,1
2024-06-02,Sacrificioenfila8,0
2024-06-02,hebertlosky,1
2024-06-02,abinmatthew,0
2024-06-02,ak1008,0.5
2024-06-02,PhiPral,1
2024-06-02,Arseniy_Maniakhin,1
2024-06-02,zCri,0
2024-06-02,Andresbuj,1
2024-06-02,titan1963coe,1
2024-06-01,becausebrad2,1
2024-06-01,JenningsCouch,0
2024-06-01,rubiera,0
2024-06-01,o9669ooooo,0
2024-06-01,youtubes,0
2024-06-01,haydenp3,0
2024-06-01,UKROP85,1
2024-06-01,Int-Aglan,1
2024-06-01,vogiahan5b,0
2024-06-01,ibiza20,1
2024-05-30,Happywonderer1,1
2024-05-30,eloygz007,0
2024-05-30,eloygz007,0
2024-05-30,eloygz007,0
2024-05-30,lopijuk,1
2024-05-29,MhmdRhassan,1
2024-05-29,Jreischess,0
2024-05-29,Zepulece,0
2024-05-28,SanjiDaz_5,1
2024-05-28,Guenter1954,1
2024-05-28,cachicamobpd,0
2024-05-28,maverick1a,0
2024-05-28,Lhamymolette,0
2024-05-28,ManroF,0
2024-05-27,MaksDav,1
2024-05-27,GerardFdez,0
2024-05-27,Chakkisu,1
2024-05-27,Serpav2021,0
2024-05-27,zabhay,0
2024-05-26,Vuk2005,1
2024-05-26,sanchezd,0
2024-05-26,Javier2000,1
2024-05-26,mauricioslrl,0
2024-05-25,El_Siumm,1
2024-05-25,rkhichi,0.5
2024-05-25,Maggie2,0
2024-05-25,elnurismajil,0
2024-05-25,nuriye,0.5
2024-05-25,A-Shklyarevskiy,1
2024-05-25,sasivarunsaga,1
2024-05-25,Pro_GRMR,1
2024-05-25,Blunder-en-passant,0
2024-05-25,Stone48,0.5
2024-05-24,entitledpawn,0.5
2024-05-24,shaola,1
2024-05-24,user77770,1
2024-05-24,MUSOYANFERIK_GBOU13,1
2024-05-24,Maikl1999,1
2024-05-24,Maikl1999,0
2024-05-24,maulana1991,1
2024-05-24,maulana1991,0
2024-05-24,Zhargalova_BeligmaTs,0
2024-05-24,melocotogno,0
2024-05-24,simon9943,0
2024-05-24,Thiru1981,1
2024-05-24,ferit3558,1
2024-05-24,sakartvello777,0
2024-05-23,JueGreb,1
2024-05-23,alejoboomerang,0
2024-05-23,amaso4,0
2024-05-23,Noctam,1
2024-05-23,Noctam,0
2024-05-23,kintarooe,0
2024-05-23,sujonda,0
2024-05-23,Noctam,0
2024-05-23,iswansyah,1
2024-05-23,the_rudy5,0
2024-05-23,Rione-Monti,0
2024-05-23,dante281,1
2024-05-23,clarkleo10302004,0
2024-05-23,amiteshks264,1
2024-05-23,MateIn123456,0
2024-05-22,Arkan400,1
2024-05-22,Kaansenel65,1
2024-05-22,arvinno,1
2024-05-22,mmari22,1
2024-05-22,peestermeester,0
2024-05-22,dadayaz,0
2024-05-22,Eddiered,0
2024-05-22,hkhridoy143,1
2024-05-22,pulgar0410,0
2024-05-22,chaouch,0
2024-05-22,RookieJojoo,1
2024-05-22,Halilillo,1
2024-05-22,Rpvns,0
2024-05-22,paulb969,0
2024-05-21,LGF530,1
2024-05-21,chrisw36,0
2024-05-21,shan953,1
2024-05-21,CCCPatriot,0
2024-05-21,slemanbaronz,0
2024-05-21,FranMaroto,0
2024-05-21,mhl1986,1
2024-05-21,fafaon80,0
2024-05-21,Dessipticon,0
2024-05-21,NickKorn33,0
2024-05-21,Tunccnn,1
2024-05-21,semchyshyn,0
2024-05-21,MartinhoNgola,0
2024-05-21,DearDoBiest,0
2024-05-21,OSOS_2020,0
2024-05-21,OSOS_2020,0
2024-05-21,hkm2,1
2024-05-21,onepiece13,0
2024-05-21,Rituraj,0
2024-05-21,attackingchess1,0
2024-05-21,Senegal_krsk,1
2024-05-21,Bistrica,0
2024-05-21,major_major_yus,0
2024-05-20,Eddiered,1
2024-05-20,Anton_Vavilov,0
2024-05-20,PMdsd,1
2024-05-20,veysel01,0
2024-05-20,veysel01,0
2024-05-20,j0gurt,0
2024-05-20,seyfan,0
2024-05-20,krent123,0.5
2024-05-20,piqshe,1
2024-05-20,Murdabarz,1
2024-05-20,BG1977,1
2024-05-20,xWeSsx,1
2024-05-20,xWeSsx,0
2024-05-20,davidahoppe,0
2024-05-20,luizfnetto0,0
2024-05-20,Maesloop,1
2024-05-20,ILQAR-QEMBER445588,0.5
2024-05-19,Lalo1645,0
2024-05-19,alt423,1
2024-05-19,Chessus-Christ,1
2024-05-19,bosporus170,0
2024-05-19,Ghislain666,0
2024-05-19,Istvan1964,0
2024-05-19,sjugriff,0
2024-05-19,piedratripa,0
2024-05-19,Pszemski,0
2024-05-19,Pszemski,0
2024-05-19,queenoflove,0
2024-05-19,Tormentor23,1
2024-05-19,Bujia8,1
2024-05-19,txurtxill,0
2024-05-19,eng0,0
2024-05-19,MrStray,1
2024-05-19,ManuHuelva,1
2024-05-19,Rambest,0
2024-05-19,jayjaylobo,0
2024-05-19,CengizS,1
2024-05-19,MohamedElmoshier,0
2024-05-19,Alex030B,0
2024-05-19,sanudin_ccn,0
2024-05-19,Jsmith2924,0
2024-05-19,caginbaris,0
2024-05-19,suon,1
2024-05-19,agni94,1
2024-05-19,Movemento2020,1
2024-05-19,beastiee001,1
2024-05-19,not_my_king_pls,1
2024-05-19,krishika28,0.5
2024-05-19,bferg77,1
2024-05-19,subasankarv,0
2024-05-18,vaibhavb26,1
2024-05-18,SingonBolivar,0
2024-05-18,RamyXxX,0
2024-05-18,admetoss,0
2024-05-18,Sserp,1
2024-05-18,Dominator0,0
2024-05-18,sergiodaniel38,1
2024-05-18,supremo72,1
2024-05-18,gemayer,1
2024-05-18,marco960,0
2024-05-18,hmmmm_mm,0
2024-05-18,epascuas,0
2024-05-18,INFE5TO,1
2024-05-17,Cpalmerov,1
2024-05-17,beerpaulo,1
2024-05-17,Pepe-Breizh-Power,1
2024-05-17,rezmak,0
2024-05-17,enal2260,1
2024-05-17,enal2260,0
2024-05-17,drrruslan,0
2024-05-17,Baxili,1
2024-05-17,qvwd2,0
2024-05-17,qkakimore,1
2024-05-17,Wostok1,0
2024-05-17,johnwettonalsogood,1
2024-05-17,tegshjargal,1
2024-05-17,tegshjargal,0
2024-05-17,lldelucaslima,0
2024-05-16,LerneSchach88,0
2024-05-16,feux,0
2024-05-16,Kiltking1,0
2024-05-16,fischger,0
2024-05-16,Rahardian1981,1
2024-05-16,AbdallaFarees,0
2024-05-16,misclicksandblunders,0
2024-05-16,aleyanka,0
2024-05-16,NozimN,0
2024-05-15,Joseph123se,0
2024-05-15,ashish_dashottar,0
2024-05-15,PEREZMOTAJAVIER,0
2024-05-14,Salzderhelden,1
2024-05-14,ikx1960,1
2024-05-14,dturbnjj,0
2024-05-14,gabel123,1
2024-05-14,SergeyPozdnyakov1957,0
2024-05-14,le-fou-du-roi-lyon,1
2024-05-12,Sawsaw18,0
2024-05-12,sauravbroy,1
2024-05-12,bernioberk,1
2024-05-12,Ali-shoib,0
2024-05-12,julesjulian,1
2024-05-12,leonidlugini,0
2024-05-12,bigmountainben,1
2024-05-12,vetal1982,1
2024-05-12,frodeveim,0.5
2024-05-12,HailReaper,1
2024-05-12,charewa,1
2024-05-11,Arsam-karimy,1
2024-05-11,Partynice2017,0
2024-05-11,Dungurchik,0
2024-05-10,pedropaulo1972,1
2024-05-08,cebil,1
2024-05-08,Purberger,0
2024-05-08,rasdaniel,1
2024-05-06,apr442,1
2024-05-06,Thanksforplaying23,1
2024-05-06,Mori4rte,0
2024-05-06,Hpg84,1
2024-05-06,caramoccom,0
2024-05-06,sandratana,0
2024-05-06,Fontane66,0
2024-05-06,Legatusgr,0
2024-05-06,ATOZ8003,1
2024-05-06,deerao75,1
2024-05-06,Parv0007,0
2024-05-05,rezaostad82,1
2024-05-05,mihelini123,1
2024-05-05,Idris-B,0
2024-05-05,sundog_111,0
2024-05-05,razorin,1
2024-05-05,peterlaj,0
2024-05-05,cachomaffia,1
2024-05-01,gghb99,1
2024-05-01,Centerfolds,1
2024-05-01,DrDrugjr,1
2024-05-01,t7anjona,1
2024-05-01,OrkosTt,0
2024-05-01,OrkosTt,0
2024-04-28,agarrcou,0
2024-04-28,DevilDice,0
2024-04-28,caramoccom,1
2024-04-25,ALEMINGARDINO,0
2024-04-25,muhannad32,0
2024-04-23,PLB21188,0
2024-04-22,aman1987,1
2024-04-22,Rawadhammoud4,0
2024-04-21,Tendernezz,0
2024-04-21,hulk_Rosa,0
2024-04-21,aec99,0
2024-04-20,FDel,1
2024-04-16,Dominator0,1
2024-04-16,Luna_2718,1
2024-04-16,inquable,1
2024-04-14,Georgeskm,1
2024-04-14,Iskander1337,1
2024-04-13,ebishahverdi,1
2024-04-13,skauzer,0
2024-04-13,meowian,1
2024-04-12,Gambit6650,1
2024-04-12,the_shepster,1
2024-04-12,JBPCE94,0
2024-04-10,parrotfish42,1
2024-04-10,Serbn,1
2024-04-10,pawnstache,1
2024-04-09,sirclinton,1
2024-04-09,hello_69_69,0
2024-04-09,ceger,1
2024-04-09,Bryand101,1
2024-04-09,Lebedev_E_I,0
2024-04-09,mohosno,1
2024-04-09,QueenElisabeth5,0
2024-04-06,aseng257,1
2024-04-06,jadi1988,0
2024-04-06,vhmvdstvrk,0
2024-04-06,helcia,0
2024-04-04,mrchana,0
2024-04-03,Stefanozen80,0
2024-04-03,nparvanov,1
2024-04-03,jadi1988,0
2024-04-02,Goranche,1
2024-04-02,Ptizzachess,1
2024-04-02,DonSimon70,0
2024-04-02,alexanderschevtzov,1
2024-04-02,FL10001,1
2024-03-30,PasElViejo,1
2024-03-30,ZuhayrB,1
2024-03-28,sameon123,1
2024-03-28,Jimmy_19XX,1
2024-03-26,RomanSuckzzz,1
2024-03-26,Angel1972z,1
2024-03-25,mott2021,1
2024-03-25,mott2021,0
2024-03-25,dimondemo,1
2024-03-22,Varechess1195,1
2024-03-22,ShimmerSmile,0
2024-03-22,ferchito14,1
2024-03-22,Dinmuhammed1982,0.5
2024-03-21,Nimmermatt,1
2024-03-21,LeonidPiter,1
2024-03-20,ash1732,1
2024-03-20,Pasha1980,1
2024-03-20,Pasha1980,0
2024-03-19,elchin1986,1
2024-03-19,The_Island_of_Crimea,0
2024-03-19,ShockoJJ,0
2024-03-19,ShockoJJ,0
2024-03-18,trainwreck66,1
2024-03-18,IHeartFortnite,1
2024-03-17,tikboy101,1
2024-03-17,bigbucey,0
2024-03-17,lihaanlajith_1,0.5
2024-03-17,LassMal,0
2024-03-17,Antoliv,0
2024-03-15,Marcelopb68,1
2024-03-15,delijadelija,1
2024-03-15,memo7474,0
2024-03-15,ebramov,1
2024-03-15,spleen3007,1
2024-03-15,Mlue2021,1
2024-03-15,EC-XTE,0
2024-03-15,NolanBlunder,0
2024-03-15,AAndrzej,0
2024-03-15,TashimovSP,0
2024-03-15,AlbigyM,0
2024-03-15,SadeghShad,0
2024-03-15,Kunalopp11,0
2024-03-15,cumaginii,0
2024-03-15,nakulll,1
2024-03-15,majnoune,1
2024-03-15,Macho-Nacho,0
2024-03-15,razdvaigotovo,0.5
2024-03-15,wwvargas,1
2024-03-15,Preyin,1
2024-03-15,krimeball,1
2024-03-15,wokha,1
2024-03-15,Jan_Slovakia,1
2024-03-15,Lugansk,1
2024-03-15,Mjollnir-on-64,0
2024-03-15,MikePeekay,1
2024-03-15,MikePeekay,0
2024-03-15,MikePeekay,0
2024-03-15,MikePeekay,0
2024-03-15,Weteran77,0
2024-03-15,Lordcharles84,0
2024-03-15,godaddygo,0
2024-03-15,mindstep,0
2024-03-15,dydimella,1
2024-03-15,TeufelspaZZer,0
2024-03-15,Mephisto22,0.5
2024-03-15,Romanoff72,0
2024-03-14,Dario_the_Great,1
2024-03-14,Jojomadkip,1
2024-03-13,Drunk_Beard,1
2024-03-13,gibco,0
2024-03-13,KeyserSozeFatality,1
2024-03-13,alt423,0
2024-03-13,Matallain,1
2024-03-13,Keks-android,0
2024-03-13,subasankarv,1
2024-03-13,Johnnybvb,0.5
2024-03-13,frenchpower,0
2024-03-12,Alexander_A_P,1
2024-03-12,ashokvsaste,0
2024-03-12,IvanovaVera,1
2024-03-11,emleml56,1
2024-03-11,ghazal_mh98,0
2024-03-11,Sheroms,0
2024-03-11,Mfemjames,0
2024-03-11,WheresMyKomi,1
2024-03-10,S_Didukh,0
2024-03-10,Novelloplatone,0
2024-03-10,Novelloplatone,0
2024-03-10,Psychologiz,0
2024-03-10,drerkan,0
2024-03-09,Oldjohn,1
2024-03-09,CurseofKirsan,1
2024-03-08,JMCasablanca,1
2024-03-08,N8STL,1
2024-03-08,Lihp8270,0
2024-03-08,zocazoca,0
2024-03-08,Yoyo1313,0
2024-03-08,aslah78,0
2024-03-08,Ayrtonsennablanca,0
2024-03-08,Premasisb,0
2024-03-08,Jschwei1,1
2024-03-08,valdoca,0
2024-03-08,ramezanian,1
2024-03-08,ZwockMaxiJocki,1
2024-03-08,wabkar123,0
2024-03-08,Cerkuz,0.5
2024-03-05,aghajoon1954,0
2024-03-05,aghajoon1954,0
2024-03-05,Harveyo1,1
2024-03-03,Visshnu,1
2024-03-03,Tarnokp,1
2024-03-03,Intos83,0
2024-02-29,juancho_dragon2,1
2024-02-29,Lay0727,0
2024-02-29,Teattwo,0
2024-02-29,Shoaibwahidy111,0
2024-02-29,Shoaibwahidy111,0
2024-02-29,sergio1513,0
2024-02-29,jrpes,1
2024-02-28,jpx888,1
2024-02-28,miled50,0.5
2024-02-28,Saltison,0
2024-02-27,joselumoma,1
2024-02-27,Muttaz,1
2024-02-23,aristo300,1
2024-02-23,Korea88,0
2024-02-23,REZAO,0
2024-02-22,abhi123dhiman,1
2024-02-22,Chukwuyem,1
2024-02-21,rudishslava,1
2024-02-21,kamil1026,0
2024-02-21,sicilianhomme,0
2024-02-21,Luckyfish888,0
2024-02-21,mahmoud12_10s,1
2024-02-21,Altachiara,1
2024-02-21,logman10,1
2024-02-20,TAT_71,1
2024-02-20,PasuevMaksim,0.5
2024-02-20,Clemolive,0
2024-02-20,Clemolive,0
2024-02-20,Clemolive,0
2024-02-20,kovylinr,1
2024-02-20,Ayhan89_2222,1
2024-02-20,Agnaldo29,0
2024-02-20,dhananjay7,0
2024-02-20,Hype09,0
2024-02-20,amarzaiter,0
2024-02-20,Intos83,0
2024-02-20,sebastian53,1
2024-02-19,brainxart,1
2024-02-19,celeusta,0.5
2024-02-19,ArtieC,1
2024-02-19,DoktorSzachMat,0
2024-02-19,Abdullahs1,1
2024-02-18,Ayhan89_2222,1
2024-02-14,Onii-chan56,1
2024-02-14,Aziz654321,0
2024-02-14,sergio1513,0.5
2024-02-14,sergio1513,0
2024-02-14,jgodddd,1
2024-02-14,DefektZreniya,0
2024-02-14,tohabanderas,0
2024-02-14,bahadour_shah,0
2024-02-14,bahadour_shah,0
2024-02-14,bahadour_shah,1
2024-02-14,bahadour_shah,0
2024-02-14,chuomcy,0
2024-02-14,karamikenno,0
2024-02-14,cihangir1905,0
2024-02-14,Ivanzhuk1973,0
2024-02-13,Evelyn87,1
2024-02-13,rosebud64,0
2024-02-13,hjag222627,0
2024-02-13,HansChabis,0.5
2024-02-13,rfurlanetto,1
2024-02-13,PLB21188,0.5
2024-02-13,prime66,0
2024-02-13,prime66,1
2024-02-13,Orpheus0607,0
2024-02-13,DanilaBagrov2,0
2024-02-13,pladdenico,1
2024-02-13,filiperafaeli,0
2024-02-13,hisham3sayed,0
2024-02-13,carlo1957,0
2024-02-13,Vld608,0
2024-02-13,Vardugin,0.5
2024-02-13,Alex_th,0
2024-02-13,vvdzhirg,0
2024-02-13,Karlo2110,1
2024-02-13,myseost,0
2024-02-12,nssir,0
2024-02-12,lfs000,0
2024-02-12,lellobosio,1
2024-02-12,Sergeipatrushev,0
2024-02-12,aparacha,0
2024-02-12,Paperoga3,1
2024-02-12,pmodell78,0
2024-02-12,Pepone69,0
2024-02-12,Pepone69,1
2024-02-12,TomToxBox,0
2024-02-12,rucco,0
2024-02-12,damrea,0
2024-02-12,Abdoboulek,1
2024-02-12,prosachin,0
2024-02-12,prosachin,0
2024-02-12,wabkar123,0
2024-02-12,piszner,1
2024-02-12,demuohca,1
2024-02-12,isomehowlost,0
2024-02-12,Santos_IO,1
2024-02-11,skywalker013,0
2024-02-11,piedefelice,0
2024-02-11,strelec21,1
2024-02-11,Temarpa,1
2024-02-11,GeshaPB,0
2024-02-11,GeshaPB,0.5
2024-02-11,hkutayngr,1
2024-02-11,hkutayngr,0
2024-02-11,hkutayngr,1
2024-02-11,Fzt_Punhan,1
2024-02-11,Fzt_Punhan,0
2024-02-10,elviejitomalo,1
2024-02-10,BelovSA,1
2024-02-10,BelovSA,0
2024-02-10,Nathaw,1
2024-02-09,mohit1988,1
2024-02-09,Abosamir,1
2024-02-09,z750r,1
2024-02-09,Pordemara123,1
2024-02-09,daniluvas,0
2024-02-09,daniluvas,0
2024-02-09,daniluvas,0
2024-02-09,daniluvas,0
2024-02-09,OCHUI500,1
2024-02-09,elguia,0
2024-02-09,God_Alex,0
2024-02-09,Linawers,1
2024-02-08,manni_66,1
2024-02-08,manni_66,0
2024-02-08,Noble10,0
2024-02-08,Artem3891,1
2024-02-08,jeff1919,1
2024-02-08,poortony,0
2024-02-07,psvsb,1
2024-02-07,psvsb,0
2024-02-07,psvsb,0
2024-02-07,psvsb,0
2024-02-07,sguanz10,0
2024-02-07,NastyaKuzmina,0
2024-02-07,redstar330,0
2024-02-07,manni_66,1
2024-02-07,manni_66,0
2024-02-07,Ojobuho,1
2024-02-07,juanf1974,0
2024-02-07,Sanjeeev,0
2024-02-07,SavasUyar,0
2024-02-06,cotofmann,1
2024-02-06,Sarky87,1
2024-02-06,AntoNoiu,0
2024-02-05,cianobest,1
2024-02-05,NikolaNikolai23,0
2024-02-05,paobea4,0.5
2024-02-05,chessecky,1
2024-02-05,kingofbandit,1
2024-02-05,brackattack1109,1
2024-02-05,archer1x,0.5
2024-02-04,water4,1
2024-02-04,al198,0
2024-02-04,Newmap,1
2024-02-03,ErvinKann,0
2024-02-03,ErvinKann,0
2024-02-03,IonU,1
2024-02-03,best_guitar,0.5
2024-02-03,ms795,0
2024-02-02,hard_laxative,1
2024-02-02,Cuenca116,1
2024-02-02,Cuenca116,0
2024-02-01,alrofegui,1
2024-02-01,ovie_bobo,0
2024-02-01,ivtoskov,0.5
2024-02-01,kakke126,0
2024-02-01,Bashir2023,1
2024-01-31,Cristalchene,0
2024-01-31,a_fake_guy,1
2024-01-31,a_fake_guy,0
2024-01-31,iltis7,1
2024-01-31,DHANANJAYTANNA,0
2024-01-31,maurodesign,1
2024-01-30,CIRCOOLYARKA,0.5
2024-01-30,Ramiros001,0
2024-01-30,stasmakarov,1
2024-01-30,Jacobbqq,0
2024-01-30,leonid28kim,0
2024-01-30,BNenad,1
2024-01-30,nghandian,0
2024-01-30,Mera_Juampi,0
2024-01-30,Mera_Juampi,0
2024-01-28,Fonseca30,1
2024-01-28,haifahana,0
2024-01-28,tedpp,0
2024-01-28,BifPlaysChess,1
2024-01-28,stev35,1
2024-01-28,jakecollopy5269,0
2024-01-28,Shidoop95,0
2024-01-28,soledaderic,0
2024-01-28,AAAka,1
2024-01-28,BabblerBite,1
2024-01-28,Braboke,0
2024-01-28,Premasisb,1
2024-01-28,stat-rosa-pristina-n,0
2024-01-26,DerWahreFuchs,1
2024-01-26,Derotsky,1
2024-01-25,dontcare22,1
2024-01-25,Zurpi,1
2024-01-25,muratkeskin,1
2024-01-25,deo83,1
2024-01-25,Raven-1,1
2024-01-23,Fahrschule,1
2024-01-23,jirani,1
2024-01-23,morfhi,0
2024-01-23,Afrikaaa,0
2024-01-23,Afrikaaa,0
2024-01-23,dimachyrva,0.5
2024-01-23,Camil56,0
2024-01-23,Korayeren,0
2024-01-23,VAAIVL535,0
2024-01-23,VAAIVL535,1
2024-01-23,nikhilshirke,1
2024-01-23,xxx123robert,0
2024-01-22,poludnig,1
2024-01-22,poludnig,0
2024-01-22,WinnieTP,0
2024-01-22,cierco2,1
2024-01-22,Niite-iyano,0
2024-01-22,kenncat,1
2024-01-21,DriveLikeRory,1
2024-01-21,BhanuPratap21,0
2024-01-21,s_romanov,1
2024-01-21,riskypawn007,0
2024-01-21,anasstef94,0.5
2024-01-21,riskypawn007,1
2024-01-20,jcotton648,0
2024-01-20,Syarifjgkrs,1
2024-01-20,Kblrgblz,1
2024-01-20,Jimmy_gummy,1
2024-01-20,KingValera,0
2024-01-20,IamHighSry,1
2024-01-20,rajesh_9845,0.5
2024-01-19,AsitJoshi,1
2024-01-19,bad_strategy,1
2024-01-19,pavan_m,1
2024-01-19,YodaEar,0
2024-01-19,Noble10,1
2024-01-07,seb2000,1
2024-01-07,schoffhy68,1
2024-01-07,Ahmedalhazeem,0
2024-01-07,Alabro,0
2024-01-07,Clleite,0
2024-01-07,L0378,0
2024-01-02,Swimming_Elephant,1
2024-01-02,Swimming_Elephant,0
2023-12-29,cicalese,1
2023-12-29,Damied,0
2023-12-29,grandmasternsour,0
2023-12-29,chessmath22,0
2023-12-29,AceCalzone,1
2023-12-28,jvdge,1
2023-12-27,raulgauri,0
2023-12-27,AliSmn,0
2023-12-27,AliSmn,0
2023-12-27,AliSmn,0
2023-12-27,thequota,1
2023-12-27,dimsem8,0
2023-12-27,Rapidpt,1
2023-12-20,EveOnlineMan,1
2023-12-20,sedof,1
2023-12-19,Onl_gamer,1
2023-12-14,Lausig,1
2023-12-13,vitasvir,1
2023-12-13,anypainting,0.5
2023-12-13,hamid3344,1
2023-12-10,mohsenhj,0.5
2023-12-10,mohsenhj,0
2023-12-10,mohsenhj,0
2023-12-10,arttime,0
2023-12-10,Blonda1,0
2023-12-10,Vaneussa,0
2023-12-10,Vaneussa,0
2023-12-10,Vaneussa,0
2023-12-10,vilaboa,0
2023-12-10,trejdych,0
2023-12-10,Stexupery,1
2023-12-10,ossalmanapr,0
2023-12-06,PieroGnani,1
2023-12-05,Billzdante,1
2023-12-05,wrgnstjn,1
2023-12-05,wrgnstjn,0
2023-12-02,Ente66_the_Paranoid,1
2023-11-28,courage-63,1
2023-11-27,SeenSomeGambitVideos,1
2023-11-27,Fruityloops-florian,1
2023-11-26,Pedro_Garrido,1
2023-11-26,Pedro_Garrido,0
2023-11-26,pva1976,0
2023-11-26,FORENSIK2020,1
2023-11-26,chesswar247,0
2023-11-26,Gianpy1971,0
2023-11-23,kek_chpek,1
2023-11-23,tantakelly7,0.5
2023-11-23,tantakelly7,0
2023-11-22,Jose_angel_dem,1
2023-11-21,ayilmaz61,1
2023-11-21,viyezgo,0
2023-11-21,Fadiwardeh,1
2023-11-20,jamal1959m,1
2023-11-19,Vikek,1
2023-11-19,egdiesp,0
2023-11-19,Andrea_cute,0.5
2023-11-19,bennymcfreewin,0
2023-11-18,palitochino27,0
2023-11-18,petriukas,0
2023-11-17,RSorokin2023,1
2023-11-16,chessallix,1
2023-11-15,stevemcc,1
2023-11-15,Viktor0008,0
2023-11-15,danoskela_82,0
2023-11-15,cessatchess,0
2023-11-14,Princeps_Maxima,1
2023-11-14,EpicBlunderer69,0
2023-11-12,a2018alex,1
2023-11-10,SergioJimenezKr,0
2023-11-10,Muzilla,0
2023-11-08,Azizbek007,1
2023-11-08,osm_2710tr,0
2023-11-07,peregon,0
2023-11-07,peregon,0
2023-11-07,Ma_be,0
2023-11-07,s8888k,0
2023-11-07,cedric120,1
2023-11-06,eddi1996,1
2023-11-05,portal2anti,1
2023-11-05,eugdan,1
2023-11-05,angelito818,0.5
2023-11-05,uratul,1
2023-11-05,StojanS,0
2023-11-05,EvgeniBSV,1
2023-11-05,Aleksandr_Starlight,0
2023-11-05,rezende4000,1
2023-11-03,daemon785,1
2023-11-03,hussein_ismail,1
2023-11-02,zeemax13,0.5
2023-11-02,mihelini123,1
2023-11-02,Kiksing,1
2023-11-02,Kiksing,0
2023-11-02,Kiksing,0
2023-11-02,tmazur,0
2023-11-01,teo123,0
2023-11-01,Burnny12,0
2023-11-01,Lomov15,0
2023-11-01,E_Alexeev,0
2023-11-01,er_bory,1
2023-10-31,sc4tt3r,1
2023-10-30,Wed_med,1
2023-10-30,AndyCole,0
2023-10-29,degullegokker2259,1
2023-10-29,Rawad-AR,0
2023-10-29,Rawad-AR,0
2023-10-29,patbu,0
2023-10-29,Gfr51,0
2023-10-27,keiver349,1
2023-10-27,sonobond99,1
2023-10-27,keksic1,0
2023-10-26,Lucreciobg,1
2023-10-26,yuli_yy,1
2023-10-26,yuli_yy,0
2023-10-26,ufufanama,1
2023-10-26,Caslyndelizon,0
2023-10-26,Rauf007,1
2023-10-25,BB28,1
2023-10-25,arudireddy,0
2023-10-25,husseingalil,1
2023-10-25,esjay_in,1
2023-10-25,esjay_in,0
2023-10-25,chessmath22,0
2023-10-25,Zadnik,0
2023-10-24,O2gur,1
2023-10-24,andrgo,0
2023-10-24,Acelocks,0
2023-10-24,Semenbigchessboss,1
2023-10-24,Greg_254,1
2023-10-24,tiano83,0
2023-10-23,MirkaZero,1
2023-10-23,Lee-On,1
2023-10-23,dadawidada480,0
2023-10-23,janholtz,1
2023-10-23,ilovechess244,0
2023-10-22,Dmitri8,1
2023-10-22,RamkumarRam,1
2023-10-21,skyhook65,1
2023-10-20,satelit,1
2023-10-20,Ritesh1191,1
2023-10-20,islag,1
2023-10-20,gsfilox,0.5
2023-10-20,gsfilox,0
2023-10-20,Andreas-Hoppe,0
2023-10-20,RookieK,0
2023-10-20,Mannixcannon,0
2023-10-19,pb559,0
2023-10-19,sajad5140,1
2023-10-19,Rabenfeder70,1
2023-10-19,etassini,1
2023-10-19,Gt31978,1
2023-10-19,murdjo,1
2023-10-19,salahayman22,1
2023-10-19,xfeelix,1
2023-10-19,mrtav-ladan,0
2023-10-18,GT7792,1
2023-10-18,prateek_prakash,0
2023-10-18,mrtav-ladan,0
2023-10-18,mrtav-ladan,0
2023-10-18,Vishalsingh_221B,1
2023-10-17,Maejin,1
2023-10-17,Jasonpaulsen79,0.5
2023-10-17,Duuurrr,0
2023-10-17,Dmitry178,1
2023-10-17,somozak,1
2023-10-17,aov1951,0
2023-10-17,a_ebrahimi30,0
2023-10-17,a_ebrahimi30,0
2023-10-17,jhonpapirico,0
2023-10-16,pitsionoros,1
2023-10-16,Vulele,0
2023-10-16,ManojJacob,0
2023-10-16,Lybitel200,0
2023-10-16,dencoc,0
2023-10-16,Rarelyadraw,0
2023-10-16,tjckso,0
2023-10-16,GuyGrey,1
2023-10-16,murtada-media,0
2023-10-15,izzetgeneci321,1
2023-10-15,planbost,1
2023-10-14,kristijand,1
2023-10-14,TemplarRico,0
2023-10-14,TemplarRico,0
2023-10-14,Lanfear_797,0
2023-10-14,gonnaWin123,0
2023-10-14,grapes97223,0
2023-10-14,ivanmihov,1
2023-10-14,Gg1b,0
2023-10-14,sumer777,0
2023-10-14,Alokx210,1
2023-10-14,Sherlock00,0
2023-10-14,remo06,0
2023-10-14,SAMOILA,0
2023-10-14,n_athan,1
2023-10-14,josegomez1974,0
2023-10-14,ilyinsky,0
2023-10-14,srdjangrujic,1
2023-10-14,sidvallschack,0
2023-10-14,Undisputed11,1
2023-10-14,Stoicstrom,0.5
2023-10-14,WhySir,1
2023-10-13,Rudolf_Pfuelb,1
2023-10-13,ftawk,0
2023-10-13,tomoles,0
2023-10-13,c1ue1355,0
2023-10-13,naive0912,1
2023-10-13,Yukiosway,0
2023-10-13,Cidragon,0
2023-10-13,mike1164,1
2023-10-13,mike1164,0
2023-10-13,midman66,0
2023-10-12,Irencjusz,1
2023-10-12,HayBarS1903,1
2023-10-12,ba2nde,1
2023-10-12,ba2nde,0
2023-10-12,Schach_Martin_53,1
2023-10-11,amazing_apa,1
2023-10-11,amazing_apa,0
2023-10-11,Steinschotter,0
2023-10-11,Steinschotter,0
2023-10-11,Swayingbollock,0
2023-10-11,happychessblunderer,1
2023-10-11,Unknown-Name,0
2023-10-11,DANSANDROV,1
2023-10-10,fred67,1
2023-10-09,Zaldy01,1
2023-10-09,Conflict82,0
2023-10-09,petrokamin,1
2023-10-09,Panchotrujillo,0
2023-10-09,MichaelCorleoneBG,0
2023-10-09,Dr33ww,1
2023-10-09,newagerage,0
2023-10-08,Gregattac,1
2023-10-08,sid_dis,1
2023-10-08,RAM1836,1
2023-10-08,RAM1836,0
2023-10-08,elfresco,0.5
2023-10-08,Al_Yaquv,0
2023-10-07,dafunmaker,1
2023-10-07,dardo2,0
2023-10-07,Bahti,1
2023-10-07,Antonio158,0.5
2023-10-07,microsw,0
2023-10-07,TomToxBox,0
2023-10-07,AdemMansouri2009,0
2023-10-07,Kancil80,1
2023-10-07,M_30toff,0
2023-10-07,lctrs,0
2023-10-06,Macho-Nacho,0.5
2023-10-06,Macho-Nacho,0
2023-10-06,WantToLose,0
2023-10-06,Vik93,1
2023-10-05,RichShyYear,1
2023-10-05,Mikhail_85_edc,0
2023-10-05,Mikhail_85_edc,0
2023-10-05,Mikhail_85_edc,0
2023-10-05,DzikiDzen,0
2023-10-05,Weddan,1
2023-10-05,rheyhoundz,0
2023-10-04,Natali217,0
2023-10-04,zumake,0
2023-10-04,Everyones_a_cheetah,1
2023-10-04,playforfunxdxdxd,1
2023-10-04,ghost,0
2023-10-04,karatay72,1
2023-10-03,wbcurry,0
2023-10-03,Jamigda,1
2023-10-03,Chessmasterblr,1
2023-10-02,Booyakahshaaa,1
2023-10-02,Falco73,1
2023-10-02,Theknigh,0
2023-10-01,aytac60,1
2023-10-01,Prostik1988,0
2023-09-30,Inquisitor_Frid,1
2023-09-30,ERIFIRE,0
2023-09-30,HarryPotterOF,1
2023-09-30,TheSamSam,1
2023-09-26,SashaVerschitel,1
2023-09-26,kurosh1394,0
2023-09-26,kurosh1394,0
2023-09-26,Victor-ie2020,1
2023-09-26,bobby46ub,1
2023-09-26,durgasidr,1
2023-09-26,Borrenbauchi,0
2023-09-25,shaikshakirbasha,1
2023-09-25,asmkf,1
2023-09-25,cosmicenergy,0
2023-09-25,cerebhro,0
2023-09-22,ammar07555,1
2023-09-22,mmmm4444,0
2023-09-22,hzlbrn0708,1
2023-09-22,fleckes,0
2023-09-22,alman1978,0
2023-09-22,Kriks74,0
2023-09-22,jimmytheneutrino,0
2023-09-22,fulyatokgoz,0
2023-09-22,coxorg,1
2023-09-22,coxorg,0
2023-09-21,Aloysius23,1
2023-09-21,Begsluck,1
2023-09-21,Begsluck,0
2023-09-21,RaviSarraf21,1
2023-09-21,RaviSarraf21,0
2023-09-19,Dhruv_Deshpande0108,1
2023-09-18,levorator,1
2023-09-18,lorezecchin,1
2023-09-18,MRSEQofficial,1
2023-09-18,Cheicknilou,1
2023-09-18,Art689,0
2023-09-16,RumLovingPyrat,1
2023-09-16,wackyabhi,1
2023-09-16,ludonix,1
2023-09-14,Serg65vrhr22,0
2023-09-14,kurosh1394,0
2023-09-14,plbrasil,1
2023-09-13,AngelFargo,1
2023-09-13,AngelFargo,0
2023-09-10,NoNameChesss,0.5
2023-09-10,ekozan,0
2023-09-10,Aliksey0103,0
2023-09-09,prashantku007,0
2023-09-09,YasmaniMendoza17,0
2023-09-09,voljan19,0
2023-09-08,elreverendo77,1
2023-09-08,elreverendo77,0
2023-09-08,mathu21,0
2023-09-08,Aldebaran1976,1
2023-09-08,Aldebaran1976,0
2023-09-08,mamive,0
2023-09-08,Sahzad01,1
2023-09-08,tinnulion,0
2023-09-08,tinnulion,0
2023-09-07,ajaxey,0
2023-09-07,davalq,0
2023-09-07,pintibus,1
2023-09-07,AlfredoRRR,1
2023-09-07,jdar1312,1
2023-09-07,GokuMantap75,1
2023-09-07,dieguete94,1
2023-09-07,dieguete94,0
2023-09-06,zlate,0.5
2023-09-06,talischess2,0
2023-09-06,Maverick33,0
2023-09-06,abhi_s80,1
2023-09-06,pezhman_1575,0
2023-09-05,Woo44,1
2023-09-05,St0cazzo,1
2023-09-05,Gamoma,0
2023-09-05,T-t-t-t-1,1
2023-09-05,amar_yassin2022,1
2023-09-05,Townhall300,1
2023-09-05,Gordienko_A,0
2023-09-05,Tygotee,1
2023-09-05,Schinderhannes,0
2023-09-04,mathu21,1
2023-09-04,ricmusik,0
2023-09-04,vladimir0941,0
2023-09-02,vitussss,1
2023-09-02,ryanandrewmarquiss,1
2023-09-02,Enik76,1
2023-09-02,Unusually_Fat,1
2023-09-02,salman_azka,0
2023-08-21,Gg-Ilyas,1
2023-08-21,HuguesDr56,1
2023-08-21,Miazaki-san,1
2023-08-20,Burkimon,1
2023-08-20,malihaa656,0
2023-08-20,Dirkov,1
2023-08-19,KaptainBlunderPants,1
2023-08-19,Cheicknilou,1
2023-08-19,MrCh1ps,1
2023-08-19,Aamer19,1
2023-08-18,serdarenser,1
2023-08-18,JJBS,1
2023-08-18,JJBS,0
2023-08-18,JJBS,0
2023-08-18,fathizahra97,0
2023-08-18,narack,0
2023-08-18,DmitryZhirnov,1
2023-08-18,MRudy,1
2023-08-18,Vld608,1
2023-08-18,IDTL,0
2023-08-18,svsoni,1
2023-08-18,svsoni,1
2023-08-18,svsoni,0
2023-08-18,svsoni,0
2023-08-18,edlearn,1
2023-08-18,Veqrin,1
2023-08-18,Veqrin,1
2023-08-18,pascaljouetropvite,0
2023-08-18,Lenidas,0
2023-08-18,Trebuchet19,0
2023-08-18,PSK9,1
2023-08-18,Viking_pfr,1
2023-08-18,cengizbaygar,1
2023-08-18,Edinka,0
2023-08-17,Nisargjoshi,0
2023-08-17,Vajrankbali,0
2023-08-17,Vajrankbali,0
2023-08-17,ehsanhamze,1
2023-08-17,jshubham687,1
2023-08-17,Dztamertal,0
2023-08-17,Rayo_carrito,1
2023-08-17,KnightGuns,0
2023-08-17,KnightGuns,0
2023-08-07,ChewyPotatoes,1
2023-08-07,chester13jp,0
2023-08-07,AliGTR,1
2023-08-06,er_bory,1
2023-08-06,Flank_Fire,1
2023-08-06,ishak72,0
2023-08-04,sebastian53,0
2023-08-04,Nelson071772,1
2023-08-04,F-Salem,0
2023-08-02,astarfas,1
2023-08-02,lincolnwilliam,0
2023-07-31,Ali94T,0
2023-07-31,misclicksandblunders,0
2023-07-31,obecko,0
2023-07-30,Ramisbaker,1
2023-07-30,Ramisbaker,0
2023-07-30,anasstef94,1
2023-07-30,airton44,1
2023-07-30,NIRBHAY786,1
2023-07-30,aaathena,0.5
2023-07-30,pankajtayal,1
2023-07-30,wiikil,0
2023-07-30,Katy2015_KU2023,0
2023-07-30,wilmervaquero1,1
2023-07-30,DieEisenbahn,0
2023-07-30,amalcon,1
2023-07-30,morteza850,1
2023-07-29,goldmedalbridge,1
2023-07-29,turay,0
2023-07-29,Mr_Antares,0.5
2023-07-29,SKRBAJPAI,0
2023-07-29,rockyshahi,1
2023-07-29,rockyshahi,0
2023-07-29,rockyshahi,0
2023-07-29,filizili,1
2023-07-29,kuligabus,0
2023-07-29,cgencoglu,1
2023-07-29,lekkerluuk,1
2023-07-29,Biteyface,0
2023-07-29,anca1976,0
2023-07-29,iisoom,0
2023-07-29,pujardeepak,1
2023-07-29,ufirfi,0
2023-07-29,ytbjs,0
2023-07-29,QUEEKCHECK,0
2023-07-29,QUEEKCHECK,0.5
2023-07-29,Jan27182818,0
2023-07-29,Leirbag39,0
2023-07-29,Leirbag39,0
2023-07-29,Dieter73,1
2023-07-29,biswaspradip,0
2023-07-29,alexkrasnic,1
2023-07-29,jaideep2511,0
2023-07-29,TOAFY,0.5
2023-07-29,TOAFY,0
2023-07-29,ribble_T,0
2023-07-29,SaintAsk,1
2023-07-29,Victor_number1,1
2023-07-29,dimipap,0
2023-07-29,DESPISTADO_SIEMPRE,0.5
2023-07-29,PershEug,1
2023-07-28,kikichoreman,0
2023-07-28,ThreeStepsAhead,0
2023-07-28,roge2010,0
2023-07-28,Hypotaxis,1
2023-07-28,AlexanBang,1
2023-07-28,sty_smack,0
2023-07-28,Tetreez,0
2023-07-28,shanekdavidson,1
2023-07-28,Vikteur,0
2023-07-28,mrliioadin,0
2023-07-28,Jeanie017,0.5
2023-07-28,onsarigo,1
2023-07-28,Magnifico31,0
2023-07-28,Magnifico31,0
2023-07-28,Magnifico31,0
2023-07-28,tempdumpst1001,1
2023-07-28,subasankarv,0
2023-07-28,Ludo9567,1
2023-07-28,pcante,1
2023-07-28,janardhanrao,0
2023-07-28,DJS,0
2023-07-28,Aizhin,0
2023-07-28,MALEK19,1
2023-07-28,YouLlLost,0
2023-07-27,jivir,1
2023-07-27,Serge808,1
2023-07-27,FabianoSephirot,1
2023-07-27,Z3non,0
2023-07-27,martn,1
2023-07-27,ChessXDAmon,1
2023-07-27,qWSddXn,0.5
2023-07-27,qWSddXn,0
2023-07-27,roycom,0
2023-07-27,danielnaes,1
2023-07-27,Asabiyetten,0
2023-07-27,atataken,1
2023-07-27,MassiCicci8,1
2023-07-27,MassiCicci8,0
2023-07-27,Ahmad088888888,0
2023-07-27,sundog_111,1
2023-07-27,FinnJake,1
2023-07-27,bycio,0
2023-07-27,Ownlife,1
2023-07-27,Siavash_kh69,1
2023-07-27,ser_kuzhuget,0
2023-07-27,lambda_8,0
2023-07-27,Sturm0212211324324,1
2023-07-27,Rahmoun,0
2023-07-26,sifredihot,1
2023-07-26,Marcus_Stecklow,0
2023-07-26,moloko73,0.5
2023-07-26,Vasya1983,1
2023-07-26,BADREDINNE47,1
2023-07-26,turunckafa,0
2023-07-26,hitokirizac,1
2023-07-25,Jmprat,0
2023-07-25,namanese,0
2023-07-25,TheHumblestQueen,1
2023-07-25,Ayamiya,0
2023-07-25,LuckyCheckMatey,1
2023-07-25,Nisse33,0
2023-07-25,alperkaynar,1
2023-07-25,atom00,1
2023-07-25,ShockNinja,0
2023-07-25,mahmoud12_10s,1
2023-07-25,Umar777,0
2023-07-25,CarloValletti,1
2023-07-25,KingNick43,1
2023-07-25,KingNick43,1
2023-07-25,Marius1984,1
2023-07-25,Dinesh018,0
2023-07-25,Erikos1000,0
2023-07-25,Emjiger,1
2023-07-25,Nightttblueee,0
2023-07-25,Elias_Gumercindo,0
2023-07-25,Elias_Gumercindo,0
2023-07-25,MakarovS,1
2023-07-25,Go2356,1
2023-07-25,Brandochin,0
2023-07-25,malachiteknight,0
2023-07-25,MillerZayat,1
2023-07-24,infinity2408,1
2023-07-24,totmin,1
2023-07-24,sasa361,1
2023-07-24,jrunubov,0
2023-07-24,SiervoInutil,1
2023-07-24,Alex400,1
2023-07-23,cavaleiro-azul,0
2023-07-23,ugurfurkan,1
2023-07-23,OguzhanAkbulut,1
2023-07-23,christos55,0
2023-07-23,Climate22eyezz,1
2023-07-20,Arbitr-23,1
2023-07-20,Bekes-Amed,0
2023-07-18,JoWaSe,1
2023-07-18,Htc1_6302-15,0
2023-07-18,WasWo,0
2023-07-18,WasWo,0
2023-07-18,DietmarJ,0
2023-07-15,Alexitowin,1
2023-07-15,Fox113,1
2023-07-13,D70010,0
2023-07-13,Badal_DU,0
2023-07-13,uchihakalyan,0
2023-07-13,Achwat,0
2023-07-13,Achwat,0
2023-07-13,Achwat,0
2023-07-13,Achwat,0
2023-07-13,Achwat,0
2023-07-13,Achwat,0
2023-07-10,jjphyschs,1
2023-07-10,jacklschnackl,0
2023-07-10,cokingboy,0
2023-07-10,cokingboy,0
2023-07-10,davod42,0
2023-07-10,Sephiwe,0
2023-07-10,raze_bh,1
2023-07-10,ZaShym,1
2023-07-10,Let_Meee,0
2023-07-10,Let_Meee,0
2023-07-08,chevelles101,1
2023-07-08,chevelles101,0
2023-07-08,Gibin,0
2023-07-08,mpsdon,0
2023-07-08,fifi2033,0
2023-07-08,fifi2033,0
2023-07-08,Toke2765,0
2023-07-08,Toke2765,0
2023-07-08,shiningseahorse,0
2023-07-08,RALUNGU,0
2023-07-08,rojagrin,1
2023-07-08,rojagrin,0
2023-07-08,SrgM,1
2023-07-08,nn11n,0
2023-07-06,onemorecoffe,1
2023-07-06,Godspower681,0
2023-07-06,klinovec,1
2023-07-06,klinovec,0
2023-07-06,klinovec,0
2023-07-06,violet_c,1
2023-07-06,Joker026,0
2023-07-06,Joker026,0
2023-07-06,Cliometra,0
2023-07-06,henrymc14,0
2023-07-06,wazzamaro,1
2023-07-06,wazzamaro,1
2023-07-05,randy81,1
2023-07-04,bigolyfn,1
2023-07-04,Guendu,0.5
2023-07-04,Letuanson1985,1
2023-07-04,chessdotcom_enjoyer,0
2023-07-04,jonvallet,1
2023-07-04,pfChangs,0.5
2023-07-04,HanHid93,0
2023-07-04,HanHid93,0
2023-07-04,kunjali91,0
2023-07-04,drashish1912,1
2023-07-04,black_mist,1
2023-07-04,dannyb1986,1
2023-07-04,Sergey-Cergey,0
2023-07-04,John_od2020,0
2023-06-30,RookeeDC,1
2023-06-30,RookeeDC,0
2023-06-30,Juzik,0
2023-06-29,AT1412,1
2023-06-29,msa182023,0
2023-06-29,arash1975,1
2023-06-29,yellosub,0
2023-06-29,MisterStelian,0
2023-06-29,Mindyng49,0
2023-06-29,HL5219,1
2023-06-29,mMeTaL2832,0
2023-06-27,msg96,1
2023-06-27,yourboyvhuchilo,0
2023-06-27,Navid-reza567,0
2023-06-27,Winetime,0
2023-06-27,StubbornPassedPawn,0
2023-06-26,Baltiisk,1
2023-06-26,nsahin,0
2023-06-26,dhabbu81,1
2023-06-26,CUCUSOAG,1
2023-06-26,Aljoska,0
2023-06-26,Aljoska,0
2023-06-26,Aljoska,0
2023-06-26,Aljoska,0
2023-06-26,Dweesprm,1
2023-06-25,eitaneru,1
2023-06-25,ennediemme,0
2023-06-25,rincewind_999,0
2023-06-25,xazass,1
2023-06-25,chesspuerto,0
2023-06-25,Mo_elsab3,0
2023-06-25,planbost,0
2023-06-24,Erbol888,1
2023-06-24,Stalnacke,0
2023-06-24,BMKZmedikal,0
2023-06-24,Turar_Kuralbayev,1
2023-06-24,ismatopius,1
2023-06-24,ismatopius,0
2023-06-23,Dozent777,1
2023-06-23,atef7Ibrahim,1
2023-06-23,Jeevak2100,1
2023-06-23,Virus_73,1
2023-06-23,Arsen_SS,0.5
2023-06-23,Arsen_SS,1
2023-06-23,Hache01,1
2023-06-23,new_horizon_1972,0.5
2023-06-23,kopites,0
2023-06-23,Yash_127_0_0_1,1
2023-06-23,Jayashree_konda8x8,1
2023-06-23,vagusvagus,0
2023-06-22,serednjac,0.5
2023-06-22,serednjac,0
2023-06-22,sergiodaniel38,1
2023-06-22,Lisavetachess,1
2023-06-22,Lisavetachess,1
2023-06-21,SalihGuney,1
2023-06-21,donpedro11,0
2023-06-21,phcchess,1
2023-06-21,Nowhere5Man,0
2023-06-21,newguyinthegame,1
2023-06-21,MH1353,0
2023-06-21,ahmad-alhaji9988,0
2023-06-21,mazzamuz,0
2023-06-21,markusGAMBIT69,0
2023-06-21,Suhayl007,0
2023-06-19,EinSchachAccount,1
2023-06-19,matin_ra,0
2023-06-19,Hampak,1
2023-06-19,ZhIuVsIaNm,0
2023-06-19,ZhIuVsIaNm,0
2023-06-19,jms58,1
2023-06-19,Veropm,1
2023-06-19,GrootRoot,0
2023-06-19,franciebbo,0
2023-06-19,a7medshaker,1
2023-06-19,aftabhasan,1
2023-06-19,LetsFairPlay,1
2023-06-19,aye_balam,1
2023-06-18,LevShm,1
2023-06-18,ilphilo,0
2023-06-18,Evgenisan,1
2023-06-17,TatianaD,1
2023-06-17,mura81,0
2023-06-17,mura81,0
2023-06-17,Galaxy-Stranger,1
2023-06-17,ninepoundhammer,1
2023-06-17,krumivan,0
2023-06-17,oopa11,1
2023-06-17,Tekinozlu,0
2023-06-17,Thalhito,0
2023-06-17,Abdallahmogahed111,0
2023-06-17,Abdallahmogahed111,0
2023-06-17,ouzel,1
2023-06-16,colhoznik1,0.5
2023-06-16,colhoznik1,0
2023-06-16,ajit18,1
2023-06-15,MihHan,1
2023-06-15,MihHan,0
2023-06-15,ziad1957,1
2023-06-14,ELIDOREYES,1
2023-06-14,joebreak80,0
2023-06-14,LGF530,1
2023-06-14,LGF530,0
2023-06-14,Pablooo456,0
2023-06-14,Jolebelge,1
2023-06-14,nikolaifilatev,1
2023-06-14,XDayer,0
2023-06-13,KOKITOO,1
2023-06-13,HiromiAsato,1
2023-06-13,Luna2012,1
2023-06-13,eric2612,1
2023-06-13,eric2612,0
2023-06-13,El-Gabry,0
2023-06-13,sea_knot,0
2023-06-13,pkedn,1
2023-06-12,lasha1984,0
2023-06-12,miga,0
2023-06-12,MREZAD97,0
2023-06-12,xyas,1
2023-06-12,ataturk8,1
2023-06-12,henrimor,0.5
2023-06-12,Schelban,1
2023-06-12,eftekharahketfe,1
2023-06-12,Viktor-SPb,1
2023-06-12,Thapelosa,0
2023-06-11,osmanosman72,1
2023-06-11,Dereeler,0
2023-06-11,rubenchu55,1
2023-06-11,tgauchess,0
2023-06-11,sole2107,0
2023-06-11,rulj777,0
2023-06-11,ruppi,1
2023-06-11,Bendunne,1
2023-06-11,pepecorvina,0
2023-06-11,x_MoHaMMaD_x,1
2023-06-11,BazitovDS,0
2023-06-11,adm1968,1
2023-06-11,sachin_for_chess,0
2023-06-11,Franky66,1
2023-06-11,chatting,0
2023-06-11,h8xi9,1
2023-06-11,acrabash,1
2023-06-11,avris,0
2023-06-10,legwen93,1
2023-06-10,scottiegamby,1
2023-06-10,Tromboneski,0
2023-06-10,kourosh_af,0
2023-06-10,Mr-Blunde3r,1
2023-06-07,Dammy442,1
2023-06-07,leumas22,1
2023-06-07,Lucyfer66,0.5
2023-06-07,gudmi,0
2023-06-07,Selva_G,0
2023-06-03,CarlesML,1
2023-06-03,scahin22,1
2023-06-03,SwedishFiish,1
2023-06-03,Crapuccia,0
2023-06-03,MervinJ,0
2023-06-03,alainvdk,0.5
2023-06-02,ale61464173,0
2023-06-02,Stephx18,0
2023-06-02,obraericeala,1
2023-06-02,KingPhysics,0
2023-06-01,Osashahat,1
2023-06-01,mohit1988,1
2023-06-01,perhin,1
2023-05-31,JoseS12,1
2023-05-31,nikhilsankhe,0
2023-05-31,nikhilsankhe,0
2023-05-31,hrki88,0.5
2023-05-31,Alf-E,1
2023-05-31,MERLIN_1234,0
2023-05-31,KNatta,0
2023-05-31,afwofpAj,1
2023-05-31,Pukri1107,1
2023-05-30,dhananjay1500,1
2023-05-30,danielzamil,1
2023-05-29,Mehdi110135,0.5
2023-05-29,OIMM,1
2023-05-29,MonsieurDZ,1
2023-05-29,SAIDLYALAHAYLALAH,0
2023-05-29,Gfibyby1,1
2023-05-29,Ellupo,0
2023-05-28,Salateeen,1
2023-05-28,mamostafa,0
2023-05-28,Puffynacho,0
2023-05-27,mat12309,1
2023-05-27,aebrown,0
2023-05-27,baciulardelean,0
2023-05-27,Krimses,1
2023-05-27,Evel96,0.5
2023-05-27,Mohamed_Ahmed912,1
2023-05-27,Sharcman,0
2023-05-27,beiragy,0
2023-05-27,beiragy,1
2023-05-27,Romanysh,1
2023-05-27,Romanysh,1
2023-05-27,seyhmus4747,0
2023-05-27,seyhmus4747,0
2023-05-27,papeira,0
2023-05-26,Rampalp,1
2023-05-26,Chesssuperbot,0
2023-05-26,stwolf1985,1
2023-05-26,Smb95,0
2023-05-26,RAK3N,0
2023-05-25,Bwazee,1
2023-05-25,Bwazee,1
2023-05-25,Bwazee,1
2023-05-25,Bwazee,0
2023-05-25,alexri1,1
2023-05-25,rahmatlebong,1
2023-05-25,rahmatlebong,0
2023-05-25,VolodymyrH,0
2023-05-25,trombonista12,1
2023-05-25,ERKK20,0
2023-05-25,Aracery,0
2023-05-25,hitzdavid,1
2023-05-25,Bhramar11_03,1
2023-05-24,Radi69,1
2023-05-24,Jmil,0
2023-05-24,xtqf,1
2023-05-24,ChessXDAmon,0
2023-05-24,RinaldsBerna,0
2023-05-24,GriseoCattus,1
2023-05-24,AkshayChess25,1
2023-05-24,Stephx18,1
2023-05-24,shakkikakki,0
2023-05-24,shakkikakki,0
2023-05-24,ada2021,0
2023-05-24,DrJooo26,0
2023-05-24,GmartS,0
2023-05-24,korkmaz25,1
2023-05-24,ataturk8,1
2023-05-24,ataturk8,0
2023-05-24,ULTRAHK,0
2023-05-24,schildkrote1969,0
2023-05-24,jpries,0
2023-05-24,guido14,0
2023-05-24,andre851994,1
2023-05-24,ajohndlawrence,1
2023-05-24,viragd83,1
2023-05-24,Munzir22,0
2023-05-24,Pochtalyon,0
2023-05-24,Antadze,0
2023-05-24,kanestorm11,0
2023-05-23,JLuis56,0.5
2023-05-23,mcnohutpilavcisi,1
2023-05-23,Gayoso96,0
2023-05-23,b19163,0
2023-05-23,b19163,0
2023-05-23,fabrizioxl,0
2023-05-23,eavr,1
2023-05-23,eavr,0
2023-05-23,eavr,0
2023-05-23,nostha89,1
2023-05-23,TURMOlL,0
2023-05-23,KemalTemiz1,1
2023-05-23,ClestonLipe,0
2023-05-23,RoSahMat,1
2023-05-23,Bandit0089,0
2023-05-23,Ash9teen,0
2023-05-23,Jade25,0
2023-05-23,DasTrubadurix,0
2023-05-23,KittyKarma,1
2023-05-23,dhjsjsjsk,1
2023-05-23,Gimar,0
2023-05-23,Vianno,1
2023-05-23,Tort98,0.5
2023-05-22,szgy,1
2023-05-22,ViolettaZzz,0
2023-05-22,Frozenguy,1
2023-05-22,ArashUsefzadeh,1
2023-05-22,behu007,0
2023-05-22,vinseiroja2,0
2023-05-22,audioecos,1
2023-05-22,Go4you,1
2023-05-22,samenerve974,1
2023-05-22,Mr_Antares,0
2023-05-22,emanuelsena,1
2023-05-22,NoteHunter,1
2023-05-22,gajamu,1
2023-05-22,rudi401,0
2023-05-22,OmegaKnight2003,1
2023-05-22,TijsAdams,1
2023-05-22,kuminalli,1
2023-05-22,Yuri_64,1
2023-05-22,cigi999,1
2023-05-22,AAAqwerty,0
2023-05-21,johnny24689,0
2023-05-21,Dmitrypr777,0
2023-05-21,oproduman777,1
2023-05-17,danieldak89,0
2023-05-17,Ihdefix,1
2023-05-17,mdoobies,0
2023-05-16,babypulpo,1
2023-05-16,gavranitis,0
2023-05-16,UniqueCornss,1
2023-05-16,Nuka22,0
2023-05-16,alexplastico,1
2023-05-16,Smearp,0
2023-05-16,bhushan-patkari,1
2023-05-16,zeus92000,0.5
2023-05-16,CHGLION,0
2023-05-16,grapes97223,0
2023-05-16,El-Tor0,0
2023-05-16,Ahmadgurran,1
2023-05-16,bohmoh,0
2023-05-16,anilkumarmyla,0
2023-05-16,k1rpichik,1
2023-05-15,veysel01,0
2023-05-15,Holix789,1
2023-05-15,ozcan26,1
2023-05-15,tsk432,0
2023-05-14,ilyzvo,0.5
2023-05-14,skilldeliver,1
2023-05-14,skilldeliver,0
2023-05-14,top99,1
2023-05-14,xfeelix,0
2023-05-14,emperosaurio,0
2023-05-14,killua1219,0
2023-05-14,Hansemann,1
2023-05-14,arshia1372,0
2023-05-14,dzabar,1
2023-05-13,hectorbellerin2121,1
2023-05-12,Ivan_Who,1
2023-05-12,Ivan_Who,0
2023-05-12,MpaRiE98,0
2023-05-12,MpaRiE98,0
2023-05-12,holala,1
2023-05-11,darkpattern,1
2023-05-10,Prohor007,1
2023-05-08,laskarif,0
2023-05-08,leonid77_chess,1
2023-05-08,mzanda,0
2023-05-08,Cerpan,0
2023-05-08,Oupa73,1
2023-05-08,ALAARAGAB,0
2023-05-08,ALAARAGAB,0
2023-05-08,Melime666,1
2023-05-08,Melime666,0
2023-05-08,Melime666,0
2023-05-08,EdoTomassini,0
2023-05-07,Javote1962,1
2023-05-07,ContagiousNoob,0
2023-05-07,sossa11,1
2023-05-07,ogxdani3333,0
2023-05-07,CarlosAndresRestrepo,1
2023-05-07,jakaz,1
2023-05-07,cafo84,1
2023-05-07,Alizee2308,0
2023-05-07,DaRiS1234,1
2023-05-07,Curimin,1
2023-05-07,Curimin,0
2023-05-07,Curimin,0
2023-05-07,Curimin,0
2023-05-07,starvader218,1
2023-05-07,mytsyaispat,0
2023-05-07,Indranshu12345,1
2023-05-07,Indranshu12345,1
2023-05-07,womiki89,0
2023-05-07,Hangonjim,0
2023-05-06,MrArmada,1
2023-05-06,h3r3d14,0
2023-05-06,Sam455,0
2023-05-06,Sam455,0
2023-05-06,drhghoname,1
2023-05-06,drhghoname,0
2023-05-06,drhghoname,0
2023-05-06,Silvester42,0.5
2023-05-06,Catana3547,0
2023-05-06,JPRGWR,1
2023-05-06,jonayed,0.5
2023-05-06,lelek32,1
2023-05-06,Richmman,0
2023-05-06,Ythas30,0
2023-05-06,TeresaTan,0
2023-05-06,MortenHi,0
2023-05-06,MortenHi,0
2023-05-06,Malapase,1
2023-05-06,Xseven001,0
2023-05-06,Mrtgupta,0
2023-05-06,rotwein05,0.5
2023-05-06,Nether2022,0
2023-05-06,mikelandjeloice,0
2023-05-06,ezekeriya,1
2023-05-06,angelito818,1
2023-05-05,mhd80,1
2023-05-05,lechab,1
2023-05-05,lechab,0
2023-05-05,SadiqChaudhryMunir,0.5
2023-05-05,Rasam877,0
2023-05-05,Rasam877,0
2023-04-26,Ivahkaaa,1
2023-04-26,caturlawas,1
2023-04-26,Stitch_hulk,0
2023-04-24,Mavusa,1
2023-04-24,Zuvedra,0
2023-04-24,quatro55,0
2023-04-23,Obelisko777,1
2023-04-23,Nofilumer,0
2023-04-23,rdvnpdr,0
2023-04-23,ramsin,0
2023-04-23,tammi,0
2023-04-23,Pctkany,0
2023-04-23,Dhritishmand,0
2023-04-23,abderrazk,0
2023-04-23,SULTAN250,0
2023-04-23,ngsreejan,0
2023-04-23,Atzucac,0
2023-04-23,Mikmolathegreat,0
2023-04-23,Asturiax,1
2023-04-22,Nikolaj70,1
2023-04-22,MrMax23,1
2023-04-22,kjf,0
2023-04-19,chu0000,0.5
2023-04-19,SuperSonic6,1
